sic_id,level,entity_name,region,province,comune,address,cap,phone,email,website,parent_name,meeting_day,meeting_time,servitore_insegnante,source_url,source_type,source_date,verification_status,notes,parent_sic_id,node_type,active_status,country,latitude,longitude,geo_status,network_ready,cortex_ingest,last_checked
SIC-ID-C9F7A0285A20,NATIONAL,AICAT - Associazione Italiana dei Club Alcologici Territoriali,Italia,,Udine / Padova,"Sede legale: Via Chisimaio 40, Udine; sede operativa: Via Cave 178, Padova",,366 3625248,segreteria@aicat.net,https://aicat.net/,,,,,https://aicat.net/index.php?page=contatti,AICAT ufficiale,2026-08-18,VERIFIED_OFFICIAL_CURRENT,ODV; struttura nazionale di riferimento,,NATIONAL,ACTIVE_PUBLISHED,IT,,,TO_GEOCODE,YES,YES,2026-08-18
SIC-ID-C0E4AF4C77B1,REGIONAL,ARCAT Abruzzo,Abruzzo,L'Aquila,Avezzano,Via Pio XII 30,67051,320 8805222,katiusciatuzi@yahoo.it,,AICAT - Associazione Italiana dei Club Alcologici Territoriali,,,,https://aicat.net/index.php?page=contatti,AICAT ufficiale,2026-08-18,VERIFIED_OFFICIAL_CURRENT,,SIC-ID-C9F7A0285A20,REGIONAL,ACTIVE_PUBLISHED,IT,,,TO_GEOCODE,YES,YES,2026-08-18
SIC-ID-C35ED3EA9B06,REGIONAL,Alto Adige,Trentino-Alto Adige,Bolzano,,,,,,,AICAT - Associazione Italiana dei Club Alcologici Territoriali,,,,https://aicat.net/index.php?page=contatti,AICAT ufficiale,2026-08-18,OFFICIAL_LIST_CONTACT_MISSING,,SIC-ID-C9F7A0285A20,REGIONAL,PUBLISHED_UNVERIFIED,IT,,,TO_GEOCODE,YES,YES,2026-08-18
SIC-ID-1FF6717E255F,REGIONAL,ARCAT Basilicata,Basilicata,Matera,Matera,Via Rosario Livatino 47a,75100,329 8859203,miriello.umberto70@gmail.com,,AICAT - Associazione Italiana dei Club Alcologici Territoriali,,,,https://aicat.net/index.php?page=contatti,AICAT ufficiale,2026-08-18,VERIFIED_OFFICIAL_CURRENT,,SIC-ID-C9F7A0285A20,REGIONAL,ACTIVE_PUBLISHED,IT,,,TO_GEOCODE,YES,YES,2026-08-18
SIC-ID-7E1965DF034E,REGIONAL,ARCAT Calabria ODV,Calabria,Cosenza,Cosenza,Via Macchiabella 58,87100,0984 1865040,arcatcalabriaodv@gmail.com,,AICAT - Associazione Italiana dei Club Alcologici Territoriali,,,,https://aicat.net/index.php?page=contatti,AICAT ufficiale,2026-08-18,VERIFIED_OFFICIAL_CURRENT,,SIC-ID-C9F7A0285A20,REGIONAL,ACTIVE_PUBLISHED,IT,,,TO_GEOCODE,YES,YES,2026-08-18
SIC-ID-75CA7C23015D,REGIONAL,ARCAT Campania,Campania,Salerno,Salerno,Via M. Pironti 14,,375 5056720,arcatcampania@gmail.com,,AICAT - Associazione Italiana dei Club Alcologici Territoriali,,,,https://aicat.net/index.php?page=contatti,AICAT ufficiale,2026-08-18,VERIFIED_OFFICIAL_CURRENT,,SIC-ID-C9F7A0285A20,REGIONAL,ACTIVE_PUBLISHED,IT,,,TO_GEOCODE,YES,YES,2026-08-18
SIC-ID-AF7E66007939,REGIONAL,ARCAT Emilia Romagna ODV,Emilia-Romagna,Forlì-Cesena,Mercato Saraceno,Via Matilde Serao 11,47025,346 2176182,arcatemiliaromagna92@gmail.com,,AICAT - Associazione Italiana dei Club Alcologici Territoriali,,,,https://aicat.net/index.php?page=contatti,AICAT ufficiale,2026-08-18,VERIFIED_OFFICIAL_CURRENT,,SIC-ID-C9F7A0285A20,REGIONAL,ACTIVE_PUBLISHED,IT,,,TO_GEOCODE,YES,YES,2026-08-18
SIC-ID-A49184A55957,REGIONAL,ARCAT Friuli,Friuli-Venezia Giulia,,,,,,,,AICAT - Associazione Italiana dei Club Alcologici Territoriali,,,,https://aicat.net/index.php?page=contatti,AICAT ufficiale,2026-08-18,OFFICIAL_LIST_CONTACT_MISSING,,SIC-ID-C9F7A0285A20,REGIONAL,PUBLISHED_UNVERIFIED,IT,,,TO_GEOCODE,YES,YES,2026-08-18
SIC-ID-37D3A46BD92C,REGIONAL,ARCAT Regione Lazio,Lazio,Latina,Aprilia,Via Carano 21,,392 2766030,arcatregionelazio@gmail.com,,AICAT - Associazione Italiana dei Club Alcologici Territoriali,,,,https://aicat.net/index.php?page=contatti,AICAT ufficiale,2026-08-18,VERIFIED_OFFICIAL_CURRENT,,SIC-ID-C9F7A0285A20,REGIONAL,ACTIVE_PUBLISHED,IT,,,TO_GEOCODE,YES,YES,2026-08-18
SIC-ID-FB23FD9B34EC,REGIONAL,ARCAT Liguria,Liguria,,,,,,,,AICAT - Associazione Italiana dei Club Alcologici Territoriali,,,,https://aicat.net/index.php?page=contatti,AICAT ufficiale,2026-08-18,OFFICIAL_LIST_CONTACT_MISSING,,SIC-ID-C9F7A0285A20,REGIONAL,PUBLISHED_UNVERIFIED,IT,,,TO_GEOCODE,YES,YES,2026-08-18
SIC-ID-EBC3C9841DDE,REGIONAL,ARCAT Lombardia,Lombardia,Bergamo,Almenno San Bartolomeo,Via 4 Novembre 66,24030,375 8876759,info@arcatlombardia.it,,AICAT - Associazione Italiana dei Club Alcologici Territoriali,,,,https://aicat.net/index.php?page=contatti,AICAT ufficiale,2026-08-18,VERIFIED_OFFICIAL_CURRENT,,SIC-ID-C9F7A0285A20,REGIONAL,ACTIVE_PUBLISHED,IT,,,TO_GEOCODE,YES,YES,2026-08-18
SIC-ID-D9B64FBFD3CE,REGIONAL,ARCAT Marche ETS-ODV,Marche,Fermo,Campofilone,C.da Montecamauro 6,63828,349 7656452,arcatmarche@libero.it,,AICAT - Associazione Italiana dei Club Alcologici Territoriali,,,,https://aicat.net/index.php?page=contatti,AICAT ufficiale,2026-08-18,VERIFIED_OFFICIAL_CURRENT,,SIC-ID-C9F7A0285A20,REGIONAL,ACTIVE_PUBLISHED,IT,,,TO_GEOCODE,YES,YES,2026-08-18
SIC-ID-3EC8499F69C1,REGIONAL,ARCAT Molise,Molise,Campobasso,Campobasso,Via Cirese snc,86100,338 1614519,arcatmolise@libero.it,,AICAT - Associazione Italiana dei Club Alcologici Territoriali,,,,https://aicat.net/index.php?page=contatti,AICAT ufficiale,2026-08-18,VERIFIED_OFFICIAL_CURRENT,,SIC-ID-C9F7A0285A20,REGIONAL,ACTIVE_PUBLISHED,IT,,,TO_GEOCODE,YES,YES,2026-08-18
SIC-ID-5E9E8E6D5441,REGIONAL,ARCAT Piemonte,Piemonte,Torino,Torino,Via Giolitti 21,,348 7722812,segreteria.arcatpiemonte@gmail.com,,AICAT - Associazione Italiana dei Club Alcologici Territoriali,,,,https://aicat.net/index.php?page=contatti,AICAT ufficiale,2026-08-18,VERIFIED_OFFICIAL_CURRENT,,SIC-ID-C9F7A0285A20,REGIONAL,ACTIVE_PUBLISHED,IT,,,TO_GEOCODE,YES,YES,2026-08-18
SIC-ID-FA8A3C74EE3F,REGIONAL,ARCAT Puglia ODV,Puglia,Bari,Bari,Via Perrone 19,70123,349 7431529,Infoarcatpuglia@gmail.com,,AICAT - Associazione Italiana dei Club Alcologici Territoriali,,,,https://aicat.net/index.php?page=contatti,AICAT ufficiale,2026-08-18,VERIFIED_OFFICIAL_CURRENT,,SIC-ID-C9F7A0285A20,REGIONAL,ACTIVE_PUBLISHED,IT,,,TO_GEOCODE,YES,YES,2026-08-18
SIC-ID-661B2D7394C6,REGIONAL,ARCAT Sardegna,Sardegna,Nuoro,Nuoro,Via Oggiano 18,08100,328 7378290,arcatsardegna@aicat.net,,AICAT - Associazione Italiana dei Club Alcologici Territoriali,,,,https://aicat.net/index.php?page=contatti,AICAT ufficiale,2026-08-18,VERIFIED_OFFICIAL_CURRENT,,SIC-ID-C9F7A0285A20,REGIONAL,ACTIVE_PUBLISHED,IT,,,TO_GEOCODE,YES,YES,2026-08-18
SIC-ID-D0E06BD8CE29,REGIONAL,ARCAT della Sicilia ODV,Sicilia,Caltanissetta,Caltanissetta,Via Xiboli 310,93100,329 1521062,arcatdellasiciliaodv@gmail.com,,AICAT - Associazione Italiana dei Club Alcologici Territoriali,,,,https://aicat.net/index.php?page=contatti,AICAT ufficiale,2026-08-18,VERIFIED_OFFICIAL_CURRENT,,SIC-ID-C9F7A0285A20,REGIONAL,ACTIVE_PUBLISHED,IT,,,TO_GEOCODE,YES,YES,2026-08-18
SIC-ID-7E51DD9E2478,REGIONAL,ARCAT Toscana ODV,Toscana,Firenze,Firenze,Viale G. Matteotti 25,50136,348 9214600,segreteria@arcattoscana.it,,AICAT - Associazione Italiana dei Club Alcologici Territoriali,,,,https://aicat.net/index.php?page=contatti,AICAT ufficiale,2026-08-18,VERIFIED_OFFICIAL_CURRENT,,SIC-ID-C9F7A0285A20,REGIONAL,ACTIVE_PUBLISHED,IT,,,TO_GEOCODE,YES,YES,2026-08-18
SIC-ID-A6E67518CAF8,REGIONAL,APCAT Trentino ODV,Trentino-Alto Adige,Trento,Pergine Valsugana,Via Guglielmi 19,38057,0461 914451,segreteria@apcattrentino-centrostudi.it,,AICAT - Associazione Italiana dei Club Alcologici Territoriali,,,,https://aicat.net/index.php?page=contatti,AICAT ufficiale,2026-08-18,VERIFIED_OFFICIAL_CURRENT,,SIC-ID-C9F7A0285A20,REGIONAL,ACTIVE_PUBLISHED,IT,,,TO_GEOCODE,YES,YES,2026-08-18
SIC-ID-F238C2FC65F7,REGIONAL,ARCAT Umbria / Club Famiglia,Umbria,Perugia,Perugia,Via Cristoforo Colombo 9,06127,340 8672029,matteucci.vale@gmail.com,,AICAT - Associazione Italiana dei Club Alcologici Territoriali,,,,https://aicat.net/index.php?page=contatti,AICAT ufficiale,2026-08-18,VERIFIED_OFFICIAL_CURRENT,,SIC-ID-C9F7A0285A20,REGIONAL,ACTIVE_PUBLISHED,IT,,,TO_GEOCODE,YES,YES,2026-08-18
SIC-ID-8A2B8A43E982,REGIONAL,Valle d'Aosta,Valle d'Aosta,,,,,,,,AICAT - Associazione Italiana dei Club Alcologici Territoriali,,,,https://aicat.net/index.php?page=contatti,AICAT ufficiale,2026-08-18,OFFICIAL_LIST_CONTACT_MISSING,,SIC-ID-C9F7A0285A20,REGIONAL,PUBLISHED_UNVERIFIED,IT,,,TO_GEOCODE,YES,YES,2026-08-18
SIC-ID-098060EC0D91,REGIONAL,ARCAT Veneto ODV,Veneto,Treviso,Trevignano,Via Tre Forni 16,31040,0423 677168,segreteria@arcatveneto.it,,AICAT - Associazione Italiana dei Club Alcologici Territoriali,,,,https://aicat.net/index.php?page=contatti,AICAT ufficiale,2026-08-18,VERIFIED_OFFICIAL_CURRENT,,SIC-ID-C9F7A0285A20,REGIONAL,ACTIVE_PUBLISHED,IT,,,TO_GEOCODE,YES,YES,2026-08-18
SIC-ID-B4DC79E6B948,PROVINCIAL,APCAT Latina,Lazio,Latina,Latina,Via Feronia 8,,0773 661962,apcatlatinaodv@gmail.com,,ARCAT Regione Lazio,,,,https://aicat.net/index.php?page=contatti,AICAT ufficiale,2026-08-18,VERIFIED_OFFICIAL_CURRENT,,SIC-ID-37D3A46BD92C,PROVINCIAL,ACTIVE_PUBLISHED,IT,,,TO_GEOCODE,YES,YES,2026-08-18
SIC-ID-96811479B0F8,TERRITORIAL,ACAT Sesto Campi Firenze,Toscana,Firenze,Sesto Fiorentino / Campi Bisenzio,,,347 1041089,,,ARCAT Toscana ODV,,,,https://www.arcattoscana.it/dove-sono-i-club-del-territorio/,ARCAT Toscana ufficiale,2026-08-18,VERIFIED_OFFICIAL_CURRENT,Contatto pubblicato: Simona,SIC-ID-7E51DD9E2478,TERRITORIAL,ACTIVE_PUBLISHED,IT,,,TO_GEOCODE,YES,YES,2026-08-18
SIC-ID-4B15D0FAB1B9,TERRITORIAL,ACAT Empoli,Toscana,Firenze,Empoli,,,335 5421096,,,ARCAT Toscana ODV,,,,https://www.arcattoscana.it/dove-sono-i-club-del-territorio/,ARCAT Toscana ufficiale,2026-08-18,VERIFIED_OFFICIAL_CURRENT,Contatto pubblicato: Patrizia,SIC-ID-7E51DD9E2478,TERRITORIAL,ACTIVE_PUBLISHED,IT,,,TO_GEOCODE,YES,YES,2026-08-18
SIC-ID-7E5D7A8D103F,TERRITORIAL,ACAT Follonica,Toscana,Grosseto,Follonica,,,339 2554034,,,ARCAT Toscana ODV,,,,https://www.arcattoscana.it/dove-sono-i-club-del-territorio/,ARCAT Toscana ufficiale,2026-08-18,VERIFIED_OFFICIAL_CURRENT,Contatto pubblicato: Ilio,SIC-ID-7E51DD9E2478,TERRITORIAL,ACTIVE_PUBLISHED,IT,,,TO_GEOCODE,YES,YES,2026-08-18
SIC-ID-C74F95C764A1,TERRITORIAL,ACAT Garfagnana,Toscana,Lucca,Garfagnana,,,335 5481095,,,ARCAT Toscana ODV,,,,https://www.arcattoscana.it/dove-sono-i-club-del-territorio/,ARCAT Toscana ufficiale,2026-08-18,VERIFIED_OFFICIAL_CURRENT,Contatto pubblicato: Franca,SIC-ID-7E51DD9E2478,TERRITORIAL,ACTIVE_PUBLISHED,IT,,,TO_GEOCODE,YES,YES,2026-08-18
SIC-ID-CFFAE9F1AE4D,TERRITORIAL,ACAT Grosseto Green,Toscana,Grosseto,Grosseto,,,349 1884621,,,ARCAT Toscana ODV,,,,https://www.arcattoscana.it/dove-sono-i-club-del-territorio/,ARCAT Toscana ufficiale,2026-08-18,VERIFIED_OFFICIAL_CURRENT,Contatto pubblicato: Simona,SIC-ID-7E51DD9E2478,TERRITORIAL,ACTIVE_PUBLISHED,IT,,,TO_GEOCODE,YES,YES,2026-08-18
SIC-ID-D40108DA605A,TERRITORIAL,ACAT Grosseto Hudolin,Toscana,Grosseto,Grosseto,,,328 5334010,,,ARCAT Toscana ODV,,,,https://www.arcattoscana.it/dove-sono-i-club-del-territorio/,ARCAT Toscana ufficiale,2026-08-18,VERIFIED_OFFICIAL_CURRENT,Contatto pubblicato: Patrizia,SIC-ID-7E51DD9E2478,TERRITORIAL,ACTIVE_PUBLISHED,IT,,,TO_GEOCODE,YES,YES,2026-08-18
SIC-ID-5D0C55DA98E4,TERRITORIAL,ACAT Grosseto Nord,Toscana,Grosseto,Grosseto Nord,,,328 6246905,,,ARCAT Toscana ODV,,,,https://www.arcattoscana.it/dove-sono-i-club-del-territorio/,ARCAT Toscana ufficiale,2026-08-18,VERIFIED_OFFICIAL_CURRENT,Contatto pubblicato: Ilio,SIC-ID-7E51DD9E2478,TERRITORIAL,ACTIVE_PUBLISHED,IT,,,TO_GEOCODE,YES,YES,2026-08-18
SIC-ID-3A1A3FDF6DA1,TERRITORIAL,ACAT Livorno,Toscana,Livorno,Livorno,,,351 2171326,,,ARCAT Toscana ODV,,,,https://www.arcattoscana.it/dove-sono-i-club-del-territorio/,ARCAT Toscana ufficiale,2026-08-18,VERIFIED_OFFICIAL_CURRENT,Contatto pubblicato: Salvatore,SIC-ID-7E51DD9E2478,TERRITORIAL,ACTIVE_PUBLISHED,IT,,,TO_GEOCODE,YES,YES,2026-08-18
SIC-ID-52236D58451A,TERRITORIAL,ACAT Lucca,Toscana,Lucca,Lucca,,,347 3359683,,,ARCAT Toscana ODV,,,,https://www.arcattoscana.it/dove-sono-i-club-del-territorio/,ARCAT Toscana ufficiale,2026-08-18,VERIFIED_OFFICIAL_CURRENT,Contatto pubblicato: Segreteria,SIC-ID-7E51DD9E2478,TERRITORIAL,ACTIVE_PUBLISHED,IT,,,TO_GEOCODE,YES,YES,2026-08-18
SIC-ID-97E61F199973,TERRITORIAL,ACAT Massa Montignoso,Toscana,Massa-Carrara,Massa / Montignoso,,,339 4279137,,,ARCAT Toscana ODV,,,,https://www.arcattoscana.it/dove-sono-i-club-del-territorio/,ARCAT Toscana ufficiale,2026-08-18,VERIFIED_OFFICIAL_CURRENT,Contatto pubblicato: Maria,SIC-ID-7E51DD9E2478,TERRITORIAL,ACTIVE_PUBLISHED,IT,,,TO_GEOCODE,YES,YES,2026-08-18
SIC-ID-D1F30EF2D950,TERRITORIAL,ACAT Pistoiese,Toscana,Pistoia,Pistoia,,,339 8188384,,,ARCAT Toscana ODV,,,,https://www.arcattoscana.it/dove-sono-i-club-del-territorio/,ARCAT Toscana ufficiale,2026-08-18,VERIFIED_OFFICIAL_CURRENT,Contatto pubblicato: Ilde,SIC-ID-7E51DD9E2478,TERRITORIAL,ACTIVE_PUBLISHED,IT,,,TO_GEOCODE,YES,YES,2026-08-18
SIC-ID-FA4208286991,TERRITORIAL,ACAT Pratese,Toscana,Prato,Prato,,,338 2094460,,,ARCAT Toscana ODV,,,,https://www.arcattoscana.it/dove-sono-i-club-del-territorio/,ARCAT Toscana ufficiale,2026-08-18,VERIFIED_OFFICIAL_CURRENT,Contatto pubblicato: Agostino,SIC-ID-7E51DD9E2478,TERRITORIAL,ACTIVE_PUBLISHED,IT,,,TO_GEOCODE,YES,YES,2026-08-18
SIC-ID-39F4C89B4EDD,TERRITORIAL,ACAT Val di Cornia,Toscana,Livorno,Val di Cornia,,,333 2119635,,,ARCAT Toscana ODV,,,,https://www.arcattoscana.it/dove-sono-i-club-del-territorio/,ARCAT Toscana ufficiale,2026-08-18,VERIFIED_OFFICIAL_CURRENT,Contatto pubblicato: Antonio,SIC-ID-7E51DD9E2478,TERRITORIAL,ACTIVE_PUBLISHED,IT,,,TO_GEOCODE,YES,YES,2026-08-18
SIC-ID-029086830303,TERRITORIAL,ACAT Valdinievole,Toscana,Pistoia,Valdinievole,,,393 8875648,,,ARCAT Toscana ODV,,,,https://www.arcattoscana.it/dove-sono-i-club-del-territorio/,ARCAT Toscana ufficiale,2026-08-18,VERIFIED_OFFICIAL_CURRENT,Contatto pubblicato: Sergio,SIC-ID-7E51DD9E2478,TERRITORIAL,ACTIVE_PUBLISHED,IT,,,TO_GEOCODE,YES,YES,2026-08-18
SIC-ID-C20A94639AC0,TERRITORIAL,ACAT Versilia,Toscana,Lucca,Versilia,,,388 3740502,,,ARCAT Toscana ODV,,,,https://www.arcattoscana.it/dove-sono-i-club-del-territorio/,ARCAT Toscana ufficiale,2026-08-18,VERIFIED_OFFICIAL_CURRENT,Contatto pubblicato: Segreteria,SIC-ID-7E51DD9E2478,TERRITORIAL,ACTIVE_PUBLISHED,IT,,,TO_GEOCODE,YES,YES,2026-08-18
SIC-ID-849B4136D37F,TERRITORIAL,ACAT Basso Polesine,Veneto,Rovigo,Taglio di Po,Viale Kennedy 63,45019,328 8420028,acat.bassop@tiscali.it,https://www.acatbassopolesine.org/,ARCAT Veneto ODV,,,,https://www.acatbassopolesine.org/acat-basso-polesine,ACAT ufficiale,2026-08-18,VERIFIED_OFFICIAL_CURRENT,Sito indica anche Piazza Venezia 3 come sede ACAT per alcuni Club,SIC-ID-098060EC0D91,TERRITORIAL,ACTIVE_PUBLISHED,IT,,,TO_GEOCODE,YES,YES,2026-08-18
SIC-ID-602AE63286C2,CLUB,Club 566,Veneto,Rovigo,Taglio di Po,"Piazza Venezia 3, sede ACAT",,,,,ACAT Basso Polesine,,,,https://www.acatbassopolesine.org/acat-basso-polesine,ACAT ufficiale,2026-08-18,VERIFIED_OFFICIAL_CURRENT,,SIC-ID-849B4136D37F,CLUB,ACTIVE_PUBLISHED,IT,,,TO_GEOCODE,YES,YES,2026-08-18
SIC-ID-37D798E9E516,CLUB,Club 497 - Viola,Veneto,Rovigo,Porto Tolle,"Centro ""Un Ponte per"", Via Matteotti",,,,,ACAT Basso Polesine,,,,https://www.acatbassopolesine.org/acat-basso-polesine,ACAT ufficiale,2026-08-18,VERIFIED_OFFICIAL_CURRENT,,SIC-ID-849B4136D37F,CLUB,ACTIVE_PUBLISHED,IT,,,TO_GEOCODE,YES,YES,2026-08-18
SIC-ID-1D783FB36111,CLUB,Club 348,Veneto,Rovigo,Taglio di Po,"Piazza Venezia 3, sede ACAT",,,,,ACAT Basso Polesine,,,,https://www.acatbassopolesine.org/acat-basso-polesine,ACAT ufficiale,2026-08-18,VERIFIED_OFFICIAL_CURRENT,,SIC-ID-849B4136D37F,CLUB,ACTIVE_PUBLISHED,IT,,,TO_GEOCODE,YES,YES,2026-08-18
SIC-ID-0D36EB60393A,CLUB,Club 498 - Baby Club,Veneto,Rovigo,Rosolina,"Centro Civico, Viale Marconi",,,,,ACAT Basso Polesine,,,,https://www.acatbassopolesine.org/acat-basso-polesine,ACAT ufficiale,2026-08-18,VERIFIED_OFFICIAL_CURRENT,,SIC-ID-849B4136D37F,CLUB,ACTIVE_PUBLISHED,IT,,,TO_GEOCODE,YES,YES,2026-08-18
SIC-ID-43E59520A72E,CLUB,Club 315 - Luna,Veneto,Rovigo,Taglio di Po,"Piazza Venezia 3, sede ACAT",,,,,ACAT Basso Polesine,,,,https://www.acatbassopolesine.org/acat-basso-polesine,ACAT ufficiale,2026-08-18,VERIFIED_OFFICIAL_CURRENT,,SIC-ID-849B4136D37F,CLUB,ACTIVE_PUBLISHED,IT,,,TO_GEOCODE,YES,YES,2026-08-18
SIC-ID-6163F278CA94,CLUB,Club 590,Veneto,Rovigo,Adria,"Centro Anziani, Piazza Casellati",,,,,ACAT Basso Polesine,,,,https://www.acatbassopolesine.org/acat-basso-polesine,ACAT ufficiale,2026-08-18,VERIFIED_OFFICIAL_CURRENT,,SIC-ID-849B4136D37F,CLUB,ACTIVE_PUBLISHED,IT,,,TO_GEOCODE,YES,YES,2026-08-18
SIC-ID-F0B6FE5C8872,CLUB,Club 628 - La Rivincita,Veneto,Rovigo,Porto Viro,"Centro Venos Sitta, Via Dante",,,,,ACAT Basso Polesine,,,,https://www.acatbassopolesine.org/acat-basso-polesine,ACAT ufficiale,2026-08-18,VERIFIED_OFFICIAL_CURRENT,,SIC-ID-849B4136D37F,CLUB,ACTIVE_PUBLISHED,IT,,,TO_GEOCODE,YES,YES,2026-08-18
SIC-ID-6C9858880C61,CLUB,Club 630 - La Rosa Bianca,Veneto,Rovigo,Adria,,,,,,ACAT Basso Polesine,,,,https://www.acatbassopolesine.org/acat-basso-polesine,ACAT ufficiale,2026-08-18,VERIFIED_OFFICIAL_CURRENT,,SIC-ID-849B4136D37F,CLUB,ACTIVE_PUBLISHED,IT,,,TO_GEOCODE,YES,YES,2026-08-18
SIC-ID-E7F673638646,CLUB,Club 637 - L'Aurora,Veneto,Rovigo,Pettorazza Grimani,"Biblioteca Comunale, Via Roma",,,,,ACAT Basso Polesine,,,,https://www.acatbassopolesine.org/acat-basso-polesine,ACAT ufficiale,2026-08-18,VERIFIED_OFFICIAL_CURRENT,,SIC-ID-849B4136D37F,CLUB,ACTIVE_PUBLISHED,IT,,,TO_GEOCODE,YES,YES,2026-08-18
SIC-ID-D18639A2F51F,CLUB,Club 643 - Iris,Veneto,Rovigo,Porto Tolle,"Centro ""Un Ponte per"", Via Matteotti",,,,,ACAT Basso Polesine,,,,https://www.acatbassopolesine.org/acat-basso-polesine,ACAT ufficiale,2026-08-18,VERIFIED_OFFICIAL_CURRENT,,SIC-ID-849B4136D37F,CLUB,ACTIVE_PUBLISHED,IT,,,TO_GEOCODE,YES,YES,2026-08-18
SIC-ID-B82A525B2142,CLUB,Club 644,Veneto,Rovigo,Corbola,"Pro Loco, Piazza Martiri",,,,,ACAT Basso Polesine,,,,https://www.acatbassopolesine.org/acat-basso-polesine,ACAT ufficiale,2026-08-18,VERIFIED_OFFICIAL_CURRENT,,SIC-ID-849B4136D37F,CLUB,ACTIVE_PUBLISHED,IT,,,TO_GEOCODE,YES,YES,2026-08-18
SIC-ID-B1913288CD68,CLUB,Club 649 - Il Girasole,Veneto,Rovigo,Papozze,"Biblioteca Comunale, Piazza Municipio",,,,,ACAT Basso Polesine,,,,https://www.acatbassopolesine.org/acat-basso-polesine,ACAT ufficiale,2026-08-18,VERIFIED_OFFICIAL_CURRENT,,SIC-ID-849B4136D37F,CLUB,ACTIVE_PUBLISHED,IT,,,TO_GEOCODE,YES,YES,2026-08-18
SIC-ID-3B3D8F9E11AA,CLUB,Club 496,Veneto,Rovigo,Porto Viro,"Centro Venos Sitta, Via Dante",,,,,ACAT Basso Polesine,,,,https://www.acatbassopolesine.org/acat-basso-polesine,ACAT ufficiale,2026-08-18,VERIFIED_OFFICIAL_CURRENT,,SIC-ID-849B4136D37F,CLUB,ACTIVE_PUBLISHED,IT,,,TO_GEOCODE,YES,YES,2026-08-18
SIC-ID-BDF9DE3E4D25,TERRITORIAL,ACAT Bergamo,Lombardia,Bergamo,Bergamo,"Via Borgo Palazzo 130, pad. 7/b",,349 6653262,acatbergamo7@gmail.com,,ARCAT Lombardia,,,,https://www.arcatlombardia.it/CAT_Bergamo.html,ARCAT Lombardia ufficiale,2026-07-02,VERIFIED_OFFICIAL_CURRENT,,SIC-ID-EBC3C9841DDE,TERRITORIAL,ACTIVE_PUBLISHED,IT,,,TO_GEOCODE,YES,YES,2026-08-18
SIC-ID-1A406A58E34A,TERRITORIAL,ACAT Isola Bergamasca,Lombardia,Bergamo,Terno d'Isola,Via G. Bravi 16,,328 3071891,acatisolabergamasca@libero.it,,ARCAT Lombardia,,,,https://www.arcatlombardia.it/CAT_Bergamo.html,ARCAT Lombardia ufficiale,2026-07-02,VERIFIED_OFFICIAL_CURRENT,,SIC-ID-EBC3C9841DDE,TERRITORIAL,ACTIVE_PUBLISHED,IT,,,TO_GEOCODE,YES,YES,2026-08-18
SIC-ID-763A85F9D763,TERRITORIAL,ACAT Arcobaleno,Lombardia,Bergamo,Osio Sotto,Via Libertà 40,,351 8282923,acatarcobaleno@virgilio.it,,ARCAT Lombardia,,,,https://www.arcatlombardia.it/CAT_Bergamo.html,ARCAT Lombardia ufficiale,2026-07-02,VERIFIED_OFFICIAL_CURRENT,,SIC-ID-EBC3C9841DDE,TERRITORIAL,ACTIVE_PUBLISHED,IT,,,TO_GEOCODE,YES,YES,2026-08-18
SIC-ID-D4299E57DAC8,TERRITORIAL,ACAT Curno,Lombardia,Bergamo,Curno,Via Edmondo De Amicis,,347 3478263,acatcurno@gmail.com,,ARCAT Lombardia,,,,https://www.arcatlombardia.it/CAT_Bergamo.html,ARCAT Lombardia ufficiale,2026-07-02,VERIFIED_OFFICIAL_CURRENT,,SIC-ID-EBC3C9841DDE,TERRITORIAL,ACTIVE_PUBLISHED,IT,,,TO_GEOCODE,YES,YES,2026-08-18
SIC-ID-96CAC39AA165,TERRITORIAL,ACAT Valle Seriana Superiore e Valle di Scalve,Lombardia,Bergamo,Clusone,,,333 7519188,acataltavalseriana@tiscali.it,,ARCAT Lombardia,,,,https://www.arcatlombardia.it/CAT_Bergamo.html,ARCAT Lombardia ufficiale,2026-07-02,VERIFIED_OFFICIAL_CURRENT,,SIC-ID-EBC3C9841DDE,TERRITORIAL,ACTIVE_PUBLISHED,IT,,,TO_GEOCODE,YES,YES,2026-08-18
SIC-ID-441772875B18,TERRITORIAL,ACAT Media Val Seriana,Lombardia,Bergamo,Albino,Via M.O. Briolini 2/f,,334 9808448,acatmediavalleseriana@gmail.com,,ARCAT Lombardia,,,,https://www.arcatlombardia.it/CAT_Bergamo.html,ARCAT Lombardia ufficiale,2026-07-02,VERIFIED_OFFICIAL_CURRENT,,SIC-ID-EBC3C9841DDE,TERRITORIAL,ACTIVE_PUBLISHED,IT,,,TO_GEOCODE,YES,YES,2026-08-18
SIC-ID-DA175F1FC02F,TERRITORIAL,ACAT Parco dei Colli,Lombardia,Bergamo,Villa d'Almè,"Via Locatelli, Municipio",,340 2716420,acat.parcodeicolli@libero.it,,ARCAT Lombardia,,,,https://www.arcatlombardia.it/CAT_Bergamo.html,ARCAT Lombardia ufficiale,2026-07-02,VERIFIED_OFFICIAL_CURRENT,,SIC-ID-EBC3C9841DDE,TERRITORIAL,ACTIVE_PUBLISHED,IT,,,TO_GEOCODE,YES,YES,2026-08-18
SIC-ID-686E2D6015E2,TERRITORIAL,ACAT Valcavallina Valcalepio,Lombardia,Bergamo,Chiuduno,"Largo Mons. Vistalli, c/o Parrocchia",,320 1525284,benaglimassimo@gmail.com,,ARCAT Lombardia,,,,https://www.arcatlombardia.it/CAT_Bergamo.html,ARCAT Lombardia ufficiale,2026-07-02,VERIFIED_OFFICIAL_CURRENT,,SIC-ID-EBC3C9841DDE,TERRITORIAL,ACTIVE_PUBLISHED,IT,,,TO_GEOCODE,YES,YES,2026-08-18
SIC-ID-4A13D2C322C9,TERRITORIAL,ACAT Alto Sebino,Lombardia,Bergamo,Costa Volpino,"Via Nazionale, Domus Civica",,335 6995822,bloren.g@alice.it,,ARCAT Lombardia,,,,https://www.arcatlombardia.it/CAT_Bergamo.html,ARCAT Lombardia ufficiale,2026-07-02,VERIFIED_OFFICIAL_CURRENT,,SIC-ID-EBC3C9841DDE,TERRITORIAL,ACTIVE_PUBLISHED,IT,,,TO_GEOCODE,YES,YES,2026-08-18
SIC-ID-AC667EF7DBB6,CLUB,CAT Bergamo 4 - Loreto,Lombardia,Bergamo,Bergamo,"Via Loreto 5, Oratorio",,,,,ARCAT Lombardia,Sabato,16:00,Ivana Martello,https://www.arcatlombardia.it/CAT_Bergamo.html,ARCAT Lombardia ufficiale,2026-07-02,VERIFIED_OFFICIAL_CURRENT,Parent ACAT ricostruibile dalla pagina sorgente; da normalizzare nella fase 2,SIC-ID-EBC3C9841DDE,CLUB,ACTIVE_PUBLISHED,IT,,,TO_GEOCODE,YES,YES,2026-08-18
SIC-ID-978B21B60361,CLUB,CAT Bergamo 6 - La Farfalla,Lombardia,Bergamo,Bergamo,"Via Biava 26, CTE Valtesse",,,,,ARCAT Lombardia,Venerdì,20:30,Giovanni Bonati,https://www.arcatlombardia.it/CAT_Bergamo.html,ARCAT Lombardia ufficiale,2026-07-02,VERIFIED_OFFICIAL_CURRENT,Parent ACAT ricostruibile dalla pagina sorgente; da normalizzare nella fase 2,SIC-ID-EBC3C9841DDE,CLUB,ACTIVE_PUBLISHED,IT,,,TO_GEOCODE,YES,YES,2026-08-18
SIC-ID-242CB29136C4,CLUB,CAT Bergamo 7 - S. Caterina,Lombardia,Bergamo,Bergamo,Via Borgo Santa Caterina 16,,,,,ARCAT Lombardia,Venerdì,20:30,Claudio Calì,https://www.arcatlombardia.it/CAT_Bergamo.html,ARCAT Lombardia ufficiale,2026-07-02,VERIFIED_OFFICIAL_CURRENT,Parent ACAT ricostruibile dalla pagina sorgente; da normalizzare nella fase 2,SIC-ID-EBC3C9841DDE,CLUB,ACTIVE_PUBLISHED,IT,,,TO_GEOCODE,YES,YES,2026-08-18
SIC-ID-96C54B82DA7B,CLUB,CAT Bergamo 8 - Torre Boldone,Lombardia,Bergamo,Torre Boldone,"Piazza Mercato, Centro polivalente",,,,,ARCAT Lombardia,Giovedì,20:30,Paolo Carrara,https://www.arcatlombardia.it/CAT_Bergamo.html,ARCAT Lombardia ufficiale,2026-07-02,VERIFIED_OFFICIAL_CURRENT,Parent ACAT ricostruibile dalla pagina sorgente; da normalizzare nella fase 2,SIC-ID-EBC3C9841DDE,CLUB,ACTIVE_PUBLISHED,IT,,,TO_GEOCODE,YES,YES,2026-08-18
SIC-ID-784C3CAF06A8,CLUB,CAT Bergamo - Borgo Santa Caterina,Lombardia,Bergamo,Bergamo,Via Borgo Santa Caterina 16,,,,,ARCAT Lombardia,Mercoledì,20:30,Maurizio Frigeni,https://www.arcatlombardia.it/CAT_Bergamo.html,ARCAT Lombardia ufficiale,2026-07-02,VERIFIED_OFFICIAL_CURRENT,Parent ACAT ricostruibile dalla pagina sorgente; da normalizzare nella fase 2,SIC-ID-EBC3C9841DDE,CLUB,ACTIVE_PUBLISHED,IT,,,TO_GEOCODE,YES,YES,2026-08-18
SIC-ID-FB2EC63E7F6E,CLUB,CAT Bergamo Reti - Valtesse,Lombardia,Bergamo,Bergamo,"Via Biava 26, CTE Valtesse",,,,,ARCAT Lombardia,Martedì,20:15,Giuseppe Lussana,https://www.arcatlombardia.it/CAT_Bergamo.html,ARCAT Lombardia ufficiale,2026-07-02,VERIFIED_OFFICIAL_CURRENT,Parent ACAT ricostruibile dalla pagina sorgente; da normalizzare nella fase 2,SIC-ID-EBC3C9841DDE,CLUB,ACTIVE_PUBLISHED,IT,,,TO_GEOCODE,YES,YES,2026-08-18
SIC-ID-8A777301930B,CLUB,CAT Ponte S. Pietro,Lombardia,Bergamo,Ponte San Pietro,"Via Legionari di Polonia 5, Centro UFO",,,,,ARCAT Lombardia,Mercoledì,20:30,Immacolata Petra,https://www.arcatlombardia.it/CAT_Bergamo.html,ARCAT Lombardia ufficiale,2026-07-02,VERIFIED_OFFICIAL_CURRENT,Parent ACAT ricostruibile dalla pagina sorgente; da normalizzare nella fase 2,SIC-ID-EBC3C9841DDE,CLUB,ACTIVE_PUBLISHED,IT,,,TO_GEOCODE,YES,YES,2026-08-18
SIC-ID-8F1041CDDD78,CLUB,CAT Madone,Lombardia,Bergamo,Madone,"Via Patrioti 7, Casa delle Associazioni",,,,,ARCAT Lombardia,Giovedì,20:30,Gianni Donadello,https://www.arcatlombardia.it/CAT_Bergamo.html,ARCAT Lombardia ufficiale,2026-07-02,VERIFIED_OFFICIAL_CURRENT,Parent ACAT ricostruibile dalla pagina sorgente; da normalizzare nella fase 2,SIC-ID-EBC3C9841DDE,CLUB,ACTIVE_PUBLISHED,IT,,,TO_GEOCODE,YES,YES,2026-08-18
SIC-ID-D5CEF5BDA203,CLUB,CAT Terno d'Isola 1,Lombardia,Bergamo,Terno d'Isola,"Via G. Bravi 15, ex Scuole Elementari",,,,,ARCAT Lombardia,Sabato,15:00,Iolanda Fusi,https://www.arcatlombardia.it/CAT_Bergamo.html,ARCAT Lombardia ufficiale,2026-07-02,VERIFIED_OFFICIAL_CURRENT,Parent ACAT ricostruibile dalla pagina sorgente; da normalizzare nella fase 2,SIC-ID-EBC3C9841DDE,CLUB,ACTIVE_PUBLISHED,IT,,,TO_GEOCODE,YES,YES,2026-08-18
SIC-ID-C551B693809D,CLUB,CAT Terno d'Isola 2,Lombardia,Bergamo,Terno d'Isola,"Via G. Bravi 15, ex Scuole Elementari",,,,,ARCAT Lombardia,Mercoledì,20:30,Iolanda Fusi,https://www.arcatlombardia.it/CAT_Bergamo.html,ARCAT Lombardia ufficiale,2026-07-02,VERIFIED_OFFICIAL_CURRENT,Parent ACAT ricostruibile dalla pagina sorgente; da normalizzare nella fase 2,SIC-ID-EBC3C9841DDE,CLUB,ACTIVE_PUBLISHED,IT,,,TO_GEOCODE,YES,YES,2026-08-18
SIC-ID-503BCA77FD2E,CLUB,CAT Terno d'Isola 3,Lombardia,Bergamo,Terno d'Isola,"Via G. Bravi 15, ex Scuole Elementari",,,,,ARCAT Lombardia,Martedì,20:30,Nicola Votino,https://www.arcatlombardia.it/CAT_Bergamo.html,ARCAT Lombardia ufficiale,2026-07-02,VERIFIED_OFFICIAL_CURRENT,Parent ACAT ricostruibile dalla pagina sorgente; da normalizzare nella fase 2,SIC-ID-EBC3C9841DDE,CLUB,ACTIVE_PUBLISHED,IT,,,TO_GEOCODE,YES,YES,2026-08-18
SIC-ID-24AF12ABFD73,CLUB,CAT Calusco d'Adda,Lombardia,Bergamo,Calusco d'Adda,"Via dell'Assunta 243, Casa Papa Giovanni",,,,,ARCAT Lombardia,Mercoledì,20:30,Marta Doni,https://www.arcatlombardia.it/CAT_Bergamo.html,ARCAT Lombardia ufficiale,2026-07-02,VERIFIED_OFFICIAL_CURRENT,Parent ACAT ricostruibile dalla pagina sorgente; da normalizzare nella fase 2,SIC-ID-EBC3C9841DDE,CLUB,ACTIVE_PUBLISHED,IT,,,TO_GEOCODE,YES,YES,2026-08-18
SIC-ID-4A2FD986D5EB,CLUB,CAT Stezzano,Lombardia,Bergamo,Stezzano,"Via Mascagni 13, Centro Cascinetto",,,,,ARCAT Lombardia,Lunedì,20:30,Luigi Pesenti,https://www.arcatlombardia.it/CAT_Bergamo.html,ARCAT Lombardia ufficiale,2026-07-02,VERIFIED_OFFICIAL_CURRENT,Parent ACAT ricostruibile dalla pagina sorgente; da normalizzare nella fase 2,SIC-ID-EBC3C9841DDE,CLUB,ACTIVE_PUBLISHED,IT,,,TO_GEOCODE,YES,YES,2026-08-18
SIC-ID-A6060BFFA537,CLUB,CAT Osio Sotto 1,Lombardia,Bergamo,Osio Sotto,"Via Libertà 45, Centro Sociale Mons. Barbisotti",,,,,ARCAT Lombardia,Martedì,20:30,Marco Malaguti,https://www.arcatlombardia.it/CAT_Bergamo.html,ARCAT Lombardia ufficiale,2026-07-02,VERIFIED_OFFICIAL_CURRENT,Parent ACAT ricostruibile dalla pagina sorgente; da normalizzare nella fase 2,SIC-ID-EBC3C9841DDE,CLUB,ACTIVE_PUBLISHED,IT,,,TO_GEOCODE,YES,YES,2026-08-18
SIC-ID-BF4E2BD2B88F,CLUB,CAT Osio Sotto 3,Lombardia,Bergamo,Osio Sotto,"Via Libertà 45, Centro Mons. Barbisotti",,,,,ARCAT Lombardia,Lunedì,20:30,Luca Langé,https://www.arcatlombardia.it/CAT_Bergamo.html,ARCAT Lombardia ufficiale,2026-07-02,VERIFIED_OFFICIAL_CURRENT,Parent ACAT ricostruibile dalla pagina sorgente; da normalizzare nella fase 2,SIC-ID-EBC3C9841DDE,CLUB,ACTIVE_PUBLISHED,IT,,,TO_GEOCODE,YES,YES,2026-08-18
SIC-ID-27148E82D324,CLUB,CAT Zanica,Lombardia,Bergamo,Zanica,"Piazza Repubblica, Centro Socio Culturale",,,,,ARCAT Lombardia,Lunedì,20:30,Gabriella Bonalumi,https://www.arcatlombardia.it/CAT_Bergamo.html,ARCAT Lombardia ufficiale,2026-07-02,VERIFIED_OFFICIAL_CURRENT,Parent ACAT ricostruibile dalla pagina sorgente; da normalizzare nella fase 2,SIC-ID-EBC3C9841DDE,CLUB,ACTIVE_PUBLISHED,IT,,,TO_GEOCODE,YES,YES,2026-08-18
SIC-ID-9C4870413FB0,CLUB,CAT Grassobbio,Lombardia,Bergamo,Grassobbio,"Via Roma 25, Cascina Ghezzi",,,,,ARCAT Lombardia,Giovedì,20:30,Giuseppe Bonomi,https://www.arcatlombardia.it/CAT_Bergamo.html,ARCAT Lombardia ufficiale,2026-07-02,VERIFIED_OFFICIAL_CURRENT,Parent ACAT ricostruibile dalla pagina sorgente; da normalizzare nella fase 2,SIC-ID-EBC3C9841DDE,CLUB,ACTIVE_PUBLISHED,IT,,,TO_GEOCODE,YES,YES,2026-08-18
SIC-ID-CA4417B92E77,CLUB,CAT Sforzatica S. Andrea,Lombardia,Bergamo,Dalmine,"Via Colombo 7, Oratorio Sforzatica S. Andrea",,,,,ARCAT Lombardia,Martedì,20:15,Roberto Marotto,https://www.arcatlombardia.it/CAT_Bergamo.html,ARCAT Lombardia ufficiale,2026-07-02,VERIFIED_OFFICIAL_CURRENT,Parent ACAT ricostruibile dalla pagina sorgente; da normalizzare nella fase 2,SIC-ID-EBC3C9841DDE,CLUB,ACTIVE_PUBLISHED,IT,,,TO_GEOCODE,YES,YES,2026-08-18
SIC-ID-20BF82EC00DA,CLUB,CAT Curno,Lombardia,Bergamo,Curno,"Via Edmondo De Amicis, ex Scuola Media",,,,,ARCAT Lombardia,Lunedì,20:30,Giovanna Marongiu,https://www.arcatlombardia.it/CAT_Bergamo.html,ARCAT Lombardia ufficiale,2026-07-02,VERIFIED_OFFICIAL_CURRENT,Parent ACAT ricostruibile dalla pagina sorgente; da normalizzare nella fase 2,SIC-ID-EBC3C9841DDE,CLUB,ACTIVE_PUBLISHED,IT,,,TO_GEOCODE,YES,YES,2026-08-18
SIC-ID-FBCBDCB4BD1B,CLUB,CAT Nuovo Percorso,Lombardia,Bergamo,Clusone,"Oratorio Maschile, località Fiorine",,,,,ARCAT Lombardia,Lunedì,20:30,Zaveria Beccarelli,https://www.arcatlombardia.it/CAT_Bergamo.html,ARCAT Lombardia ufficiale,2026-07-02,VERIFIED_OFFICIAL_CURRENT,Parent ACAT ricostruibile dalla pagina sorgente; da normalizzare nella fase 2,SIC-ID-EBC3C9841DDE,CLUB,ACTIVE_PUBLISHED,IT,,,TO_GEOCODE,YES,YES,2026-08-18
SIC-ID-E4B3D6B92B89,CLUB,CAT 3 - Il Cammino,Lombardia,Bergamo,Vertova,"Via Convento, ex Convento",,,,,ARCAT Lombardia,Lunedì,20:30,Maurizio Bertocchi,https://www.arcatlombardia.it/CAT_Bergamo.html,ARCAT Lombardia ufficiale,2026-07-02,VERIFIED_OFFICIAL_CURRENT,Parent ACAT ricostruibile dalla pagina sorgente; da normalizzare nella fase 2,SIC-ID-EBC3C9841DDE,CLUB,ACTIVE_PUBLISHED,IT,,,TO_GEOCODE,YES,YES,2026-08-18
SIC-ID-BCD8115BADDE,CLUB,CAT 4 - Cene,Lombardia,Bergamo,Cene,"Piazza Italia 14, Municipio",,,,,ARCAT Lombardia,Lunedì,20:30,Diego Tironi,https://www.arcatlombardia.it/CAT_Bergamo.html,ARCAT Lombardia ufficiale,2026-07-02,VERIFIED_OFFICIAL_CURRENT,Parent ACAT ricostruibile dalla pagina sorgente; da normalizzare nella fase 2,SIC-ID-EBC3C9841DDE,CLUB,ACTIVE_PUBLISHED,IT,,,TO_GEOCODE,YES,YES,2026-08-18
SIC-ID-AC833D57E684,CLUB,CAT 5 - Arcobaleno,Lombardia,Bergamo,Albino,"Via Valbossana, Ca Carati - Vall'Alta",,,,,ARCAT Lombardia,Martedì,20:30,Davide Peraro,https://www.arcatlombardia.it/CAT_Bergamo.html,ARCAT Lombardia ufficiale,2026-07-02,VERIFIED_OFFICIAL_CURRENT,Parent ACAT ricostruibile dalla pagina sorgente; da normalizzare nella fase 2,SIC-ID-EBC3C9841DDE,CLUB,ACTIVE_PUBLISHED,IT,,,TO_GEOCODE,YES,YES,2026-08-18
SIC-ID-92007741750E,CLUB,CAT 8 - Alba Nuova,Lombardia,Bergamo,Albino,"Via Frati Cappuccini, Frati Cappuccini",,,,,ARCAT Lombardia,Martedì,20:30,Amelia Perani,https://www.arcatlombardia.it/CAT_Bergamo.html,ARCAT Lombardia ufficiale,2026-07-02,VERIFIED_OFFICIAL_CURRENT,Parent ACAT ricostruibile dalla pagina sorgente; da normalizzare nella fase 2,SIC-ID-EBC3C9841DDE,CLUB,ACTIVE_PUBLISHED,IT,,,TO_GEOCODE,YES,YES,2026-08-18
SIC-ID-E3B336835001,CLUB,CAT 10 - Aurora,Lombardia,Bergamo,Pradalunga,"Via Aldo Moro 12, Centro Sociale",,,,,ARCAT Lombardia,Mercoledì,20:30,Raffaella Abate,https://www.arcatlombardia.it/CAT_Bergamo.html,ARCAT Lombardia ufficiale,2026-07-02,VERIFIED_OFFICIAL_CURRENT,Parent ACAT ricostruibile dalla pagina sorgente; da normalizzare nella fase 2,SIC-ID-EBC3C9841DDE,CLUB,ACTIVE_PUBLISHED,IT,,,TO_GEOCODE,YES,YES,2026-08-18
SIC-ID-2B3210949A21,CLUB,CAT 11 - La Fenice,Lombardia,Bergamo,Gazzaniga,"Via Manzoni 130, Ospedale Briolini",,,,,ARCAT Lombardia,Mercoledì,20:30,Michela Cattaneo,https://www.arcatlombardia.it/CAT_Bergamo.html,ARCAT Lombardia ufficiale,2026-07-02,VERIFIED_OFFICIAL_CURRENT,Parent ACAT ricostruibile dalla pagina sorgente; da normalizzare nella fase 2,SIC-ID-EBC3C9841DDE,CLUB,ACTIVE_PUBLISHED,IT,,,TO_GEOCODE,YES,YES,2026-08-18
SIC-ID-619D109F6338,CLUB,CAT Berbenno,Lombardia,Bergamo,Ponte Giurino,"Via Stoppani 2/g, Sala Comunale",,,,,ARCAT Lombardia,Giovedì,20:30,Agostino Goisis,https://www.arcatlombardia.it/CAT_Bergamo.html,ARCAT Lombardia ufficiale,2026-07-02,VERIFIED_OFFICIAL_CURRENT,Parent ACAT ricostruibile dalla pagina sorgente; da normalizzare nella fase 2,SIC-ID-EBC3C9841DDE,CLUB,ACTIVE_PUBLISHED,IT,,,TO_GEOCODE,YES,YES,2026-08-18
SIC-ID-ADBDF6B1026B,CLUB,CAT Almenno S. Bartolomeo 1,Lombardia,Bergamo,Almenno San Bartolomeo,"Via 4 Novembre, Municipio",,,,,ARCAT Lombardia,Giovedì,20:30,Sandro Agostinelli,https://www.arcatlombardia.it/CAT_Bergamo.html,ARCAT Lombardia ufficiale,2026-07-02,VERIFIED_OFFICIAL_CURRENT,Parent ACAT ricostruibile dalla pagina sorgente; da normalizzare nella fase 2,SIC-ID-EBC3C9841DDE,CLUB,ACTIVE_PUBLISHED,IT,,,TO_GEOCODE,YES,YES,2026-08-18
SIC-ID-444292B125B0,CLUB,CAT Almenno S. Bartolomeo 2,Lombardia,Bergamo,Almenno San Bartolomeo,"Via 4 Novembre, Municipio",,,,,ARCAT Lombardia,Venerdì,20:30,Bianca Invernizzi,https://www.arcatlombardia.it/CAT_Bergamo.html,ARCAT Lombardia ufficiale,2026-07-02,VERIFIED_OFFICIAL_CURRENT,Parent ACAT ricostruibile dalla pagina sorgente; da normalizzare nella fase 2,SIC-ID-EBC3C9841DDE,CLUB,ACTIVE_PUBLISHED,IT,,,TO_GEOCODE,YES,YES,2026-08-18
SIC-ID-45409E6271E5,CLUB,CAT Villa d'Almè 1,Lombardia,Bergamo,Villa d'Almè,"Passaggio del Borgo, Sala Polifunzionale",,,,,ARCAT Lombardia,Mercoledì,17:30,Donatella Consonni,https://www.arcatlombardia.it/CAT_Bergamo.html,ARCAT Lombardia ufficiale,2026-07-02,VERIFIED_OFFICIAL_CURRENT,Parent ACAT ricostruibile dalla pagina sorgente; da normalizzare nella fase 2,SIC-ID-EBC3C9841DDE,CLUB,ACTIVE_PUBLISHED,IT,,,TO_GEOCODE,YES,YES,2026-08-18
SIC-ID-588AA5DCBB07,CLUB,CAT Villa d'Almè 2,Lombardia,Bergamo,Villa d'Almè,"Passaggio del Borgo, Sala Polifunzionale",,,,,ARCAT Lombardia,Lunedì,20:30,Roberto Fumagalli,https://www.arcatlombardia.it/CAT_Bergamo.html,ARCAT Lombardia ufficiale,2026-07-02,VERIFIED_OFFICIAL_CURRENT,Parent ACAT ricostruibile dalla pagina sorgente; da normalizzare nella fase 2,SIC-ID-EBC3C9841DDE,CLUB,ACTIVE_PUBLISHED,IT,,,TO_GEOCODE,YES,YES,2026-08-18
SIC-ID-B2F99D322B7F,CLUB,CAT Sorisole-Petosino-Azzonica,Lombardia,Bergamo,Petosino,"Via Martiri della Libertà 57, Centro Civico",,,,,ARCAT Lombardia,Mercoledì,20:30,Norma Milesi,https://www.arcatlombardia.it/CAT_Bergamo.html,ARCAT Lombardia ufficiale,2026-07-02,VERIFIED_OFFICIAL_CURRENT,Parent ACAT ricostruibile dalla pagina sorgente; da normalizzare nella fase 2,SIC-ID-EBC3C9841DDE,CLUB,ACTIVE_PUBLISHED,IT,,,TO_GEOCODE,YES,YES,2026-08-18
SIC-ID-AFC7F3AB3927,CLUB,CAT Chiuduno,Lombardia,Bergamo,Chiuduno,"Largo Mons. Vistalli, Sala ""Il Torchio""",,,,,ARCAT Lombardia,Lunedì,20:30,Stefano Marchesi,https://www.arcatlombardia.it/CAT_Bergamo.html,ARCAT Lombardia ufficiale,2026-07-02,VERIFIED_OFFICIAL_CURRENT,Parent ACAT ricostruibile dalla pagina sorgente; da normalizzare nella fase 2,SIC-ID-EBC3C9841DDE,CLUB,ACTIVE_PUBLISHED,IT,,,TO_GEOCODE,YES,YES,2026-08-18
SIC-ID-0B35E8A0D61F,CLUB,CAT Telgate,Lombardia,Bergamo,Telgate,"Piazza Vittorio Veneto 42, Municipio",,,,,ARCAT Lombardia,Giovedì,20:30,Emilio Forlani,https://www.arcatlombardia.it/CAT_Bergamo.html,ARCAT Lombardia ufficiale,2026-07-02,VERIFIED_OFFICIAL_CURRENT,Parent ACAT ricostruibile dalla pagina sorgente; da normalizzare nella fase 2,SIC-ID-EBC3C9841DDE,CLUB,ACTIVE_PUBLISHED,IT,,,TO_GEOCODE,YES,YES,2026-08-18
SIC-ID-B6EF2A686ABC,CLUB,CAT Trescore Balneario,Lombardia,Bergamo,Trescore Balneario,Oratorio,,,,,ARCAT Lombardia,Lunedì,20:30,Massimo Benagli,https://www.arcatlombardia.it/CAT_Bergamo.html,ARCAT Lombardia ufficiale,2026-07-02,VERIFIED_OFFICIAL_CURRENT,Parent ACAT ricostruibile dalla pagina sorgente; da normalizzare nella fase 2,SIC-ID-EBC3C9841DDE,CLUB,ACTIVE_PUBLISHED,IT,,,TO_GEOCODE,YES,YES,2026-08-18
SIC-ID-C1B57164B968,CLUB,CAT Costa Volpino - Arcobaleno,Lombardia,Bergamo,Costa Volpino,"Via Nazionale, Domus Civica 2° piano",,,,,ARCAT Lombardia,Mercoledì,20:30,Giacomo Lorenzetti,https://www.arcatlombardia.it/CAT_Bergamo.html,ARCAT Lombardia ufficiale,2026-07-02,VERIFIED_OFFICIAL_CURRENT,Parent ACAT ricostruibile dalla pagina sorgente; da normalizzare nella fase 2,SIC-ID-EBC3C9841DDE,CLUB,ACTIVE_PUBLISHED,IT,,,TO_GEOCODE,YES,YES,2026-08-18
SIC-ID-781A7741BA0E,TERRITORIAL,ACAT Brescia,Lombardia,Brescia,Brescia,Via Livorno 7,,351 5111330,,,ARCAT Lombardia,,,,https://www.arcatlombardia.it/CAT_Brescia.html,ARCAT Lombardia ufficiale,2026-07-02,VERIFIED_OFFICIAL_CURRENT,,SIC-ID-EBC3C9841DDE,TERRITORIAL,ACTIVE_PUBLISHED,IT,,,TO_GEOCODE,YES,YES,2026-08-18
SIC-ID-0659A9226B07,TERRITORIAL,ACAT Manerbio,Lombardia,Brescia,Manerbio,"Via Palestro 57, Centro Sociale",,339 4602401,ciscoroda@gmail.com,,ARCAT Lombardia,,,,https://www.arcatlombardia.it/CAT_Brescia.html,ARCAT Lombardia ufficiale,2026-07-02,VERIFIED_OFFICIAL_CURRENT,,SIC-ID-EBC3C9841DDE,TERRITORIAL,ACTIVE_PUBLISHED,IT,,,TO_GEOCODE,YES,YES,2026-08-18
SIC-ID-B7EB3EDC2BC3,TERRITORIAL,ACAT Gardesana,Lombardia,Brescia,Lonato del Garda,Piazza Martiri della Libertà 1,,339 3333119,,,ARCAT Lombardia,,,,https://www.arcatlombardia.it/CAT_Brescia.html,ARCAT Lombardia ufficiale,2026-07-02,VERIFIED_OFFICIAL_CURRENT,,SIC-ID-EBC3C9841DDE,TERRITORIAL,ACTIVE_PUBLISHED,IT,,,TO_GEOCODE,YES,YES,2026-08-18
SIC-ID-08F9F8134278,TERRITORIAL,ACAT Vallesabbia,Lombardia,Brescia,Roè Volciano,Via Luigi Ragazzo 21,,349 7421258,acatvallesabbia.info@yahoo.it,,ARCAT Lombardia,,,,https://www.arcatlombardia.it/CAT_Brescia.html,ARCAT Lombardia ufficiale,2026-07-02,VERIFIED_OFFICIAL_CURRENT,,SIC-ID-EBC3C9841DDE,TERRITORIAL,ACTIVE_PUBLISHED,IT,,,TO_GEOCODE,YES,YES,2026-08-18
SIC-ID-3E4F88E8B9CD,CLUB,CAT Armonia,Lombardia,Brescia,Brescia,Via Borgondio 29,,,,,ARCAT Lombardia,Giovedì,20:15,Carlo Riva,https://www.arcatlombardia.it/CAT_Brescia.html,ARCAT Lombardia ufficiale,2026-07-02,VERIFIED_OFFICIAL_CURRENT,,SIC-ID-EBC3C9841DDE,CLUB,ACTIVE_PUBLISHED,IT,,,TO_GEOCODE,YES,YES,2026-08-18
SIC-ID-A634F1DC758F,CLUB,CAT Vladimir Hudolin,Lombardia,Brescia,Brescia,Via Livorno 7,,,,,ARCAT Lombardia,Mercoledì,20:30,Carlo Riva,https://www.arcatlombardia.it/CAT_Brescia.html,ARCAT Lombardia ufficiale,2026-07-02,VERIFIED_OFFICIAL_CURRENT,,SIC-ID-EBC3C9841DDE,CLUB,ACTIVE_PUBLISHED,IT,,,TO_GEOCODE,YES,YES,2026-08-18
SIC-ID-67F5F12E1398,CLUB,CAT Montichiari - Il Germoglio,Lombardia,Brescia,Montichiari,"Via Trieste 26, Casa delle Associazioni",,,,,ARCAT Lombardia,Mercoledì,20:30,Claudio Ermini,https://www.arcatlombardia.it/CAT_Brescia.html,ARCAT Lombardia ufficiale,2026-07-02,VERIFIED_OFFICIAL_CURRENT,,SIC-ID-EBC3C9841DDE,CLUB,ACTIVE_PUBLISHED,IT,,,TO_GEOCODE,YES,YES,2026-08-18
SIC-ID-0B4FAC3CCE27,CLUB,CAT Manerbio 3,Lombardia,Brescia,Manerbio,"Via Palestro 57, Centro Sociale",,,,,ARCAT Lombardia,Mercoledì,21:00,Francesco Roda,https://www.arcatlombardia.it/CAT_Brescia.html,ARCAT Lombardia ufficiale,2026-07-02,VERIFIED_OFFICIAL_CURRENT,,SIC-ID-EBC3C9841DDE,CLUB,ACTIVE_PUBLISHED,IT,,,TO_GEOCODE,YES,YES,2026-08-18
SIC-ID-899721639746,CLUB,CAT Azzurro,Lombardia,Brescia,Prevalle,"Via Morani 9, Municipio",,,,,ARCAT Lombardia,Mercoledì,20:00,Elvira Averoldi,https://www.arcatlombardia.it/CAT_Brescia.html,ARCAT Lombardia ufficiale,2026-07-02,VERIFIED_OFFICIAL_CURRENT,,SIC-ID-EBC3C9841DDE,CLUB,ACTIVE_PUBLISHED,IT,,,TO_GEOCODE,YES,YES,2026-08-18
SIC-ID-21C7C99ED391,CLUB,CAT Il Girasole,Lombardia,Brescia,Salò,Via Ponte Vecchio 6,,,,,ARCAT Lombardia,Martedì,20:00,Marisa Garosi,https://www.arcatlombardia.it/CAT_Brescia.html,ARCAT Lombardia ufficiale,2026-07-02,VERIFIED_OFFICIAL_CURRENT,,SIC-ID-EBC3C9841DDE,CLUB,ACTIVE_PUBLISHED,IT,,,TO_GEOCODE,YES,YES,2026-08-18
SIC-ID-3591C8E5460D,CLUB,CAT L'Alba,Lombardia,Brescia,Bedizzole,Centro Sociale,,,,,ARCAT Lombardia,Martedì,20:30,Milla Dallariva,https://www.arcatlombardia.it/CAT_Brescia.html,ARCAT Lombardia ufficiale,2026-07-02,VERIFIED_OFFICIAL_CURRENT,,SIC-ID-EBC3C9841DDE,CLUB,ACTIVE_PUBLISHED,IT,,,TO_GEOCODE,YES,YES,2026-08-18
SIC-ID-31C90AF9186A,CLUB,CAT Arcobaleno,Lombardia,Brescia,Vobarno,Largo Donatori di Sangue,,,,,ARCAT Lombardia,Martedì,20:00,Federica Federici,https://www.arcatlombardia.it/CAT_Brescia.html,ARCAT Lombardia ufficiale,2026-07-02,VERIFIED_OFFICIAL_CURRENT,,SIC-ID-EBC3C9841DDE,CLUB,ACTIVE_PUBLISHED,IT,,,TO_GEOCODE,YES,YES,2026-08-18
SIC-ID-4F5B8694F5EC,CLUB,CAT La Goccia,Lombardia,Brescia,Vobarno,Largo Donatori di Sangue,,,,,ARCAT Lombardia,Lunedì,20:30,Marilve Caccin,https://www.arcatlombardia.it/CAT_Brescia.html,ARCAT Lombardia ufficiale,2026-07-02,VERIFIED_OFFICIAL_CURRENT,,SIC-ID-EBC3C9841DDE,CLUB,ACTIVE_PUBLISHED,IT,,,TO_GEOCODE,YES,YES,2026-08-18
SIC-ID-8E62591ED0AA,CLUB,CAT La Farfalla,Lombardia,Brescia,Paitone,"Via Beschi 18, Centro Sociale",,,,,ARCAT Lombardia,Mercoledì,20:00,Antonella Bonizzoli,https://www.arcatlombardia.it/CAT_Brescia.html,ARCAT Lombardia ufficiale,2026-07-02,VERIFIED_OFFICIAL_CURRENT,,SIC-ID-EBC3C9841DDE,CLUB,ACTIVE_PUBLISHED,IT,,,TO_GEOCODE,YES,YES,2026-08-18
SIC-ID-32D423951474,CLUB,CAT La Vetta,Lombardia,Brescia,Roè Volciano,Via Luigi Ragazzo 21,,,,,ARCAT Lombardia,Martedì,20:00,Mariangela Susio,https://www.arcatlombardia.it/CAT_Brescia.html,ARCAT Lombardia ufficiale,2026-07-02,VERIFIED_OFFICIAL_CURRENT,,SIC-ID-EBC3C9841DDE,CLUB,ACTIVE_PUBLISHED,IT,,,TO_GEOCODE,YES,YES,2026-08-18
SIC-ID-3128F411BF89,CLUB,CAT Orizzonte,Lombardia,Brescia,Vestone,"Via Pialorsi 14, saletta conferenze",,,,,ARCAT Lombardia,Lunedì,20:00,Mariangela Susio,https://www.arcatlombardia.it/CAT_Brescia.html,ARCAT Lombardia ufficiale,2026-07-02,VERIFIED_OFFICIAL_CURRENT,,SIC-ID-EBC3C9841DDE,CLUB,ACTIVE_PUBLISHED,IT,,,TO_GEOCODE,YES,YES,2026-08-18
SIC-ID-7714FD8E40FF,TERRITORIAL,ACAT Hudolin Milano,Lombardia,Milano,Milano,Via Costalovara 1,20162,335 7755355,acat_milano@yahoo.it,,ARCAT Lombardia,,,,https://www.arcatlombardia.it/CAT_Milano.html,ARCAT Lombardia ufficiale,2026-07-02,VERIFIED_OFFICIAL_CURRENT,,SIC-ID-EBC3C9841DDE,TERRITORIAL,ACTIVE_PUBLISHED,IT,,,TO_GEOCODE,YES,YES,2026-08-18
SIC-ID-8C71084398EA,CLUB,CAT Milano 1,Lombardia,Milano,Milano,"Via De Martino 2, Oratorio S. Dionigi",,,,,ACAT Hudolin Milano,Giovedì,21:00,Mariangela Terzi,https://www.arcatlombardia.it/CAT_Milano.html,ARCAT Lombardia ufficiale,2026-07-02,VERIFIED_OFFICIAL_CURRENT,,SIC-ID-7714FD8E40FF,CLUB,ACTIVE_PUBLISHED,IT,,,TO_GEOCODE,YES,YES,2026-08-18
SIC-ID-E7233D0B15FA,CLUB,CAT Milano 2 - Acqua in Circolo,Lombardia,Milano,Milano,"Via degli Anemoni 6, IPR",,,,,ACAT Hudolin Milano,Martedì,21:00,Guido Riva,https://www.arcatlombardia.it/CAT_Milano.html,ARCAT Lombardia ufficiale,2026-07-02,VERIFIED_OFFICIAL_CURRENT,,SIC-ID-7714FD8E40FF,CLUB,ACTIVE_PUBLISHED,IT,,,TO_GEOCODE,YES,YES,2026-08-18
SIC-ID-71BEB4FEFFC1,CLUB,CAT Milano 3 - La Maria,Lombardia,Milano,Milano,"Via Tamigi 7, VSP",,,,,ACAT Hudolin Milano,Martedì,21:00,Paola Muratore,https://www.arcatlombardia.it/CAT_Milano.html,ARCAT Lombardia ufficiale,2026-07-02,VERIFIED_OFFICIAL_CURRENT,,SIC-ID-7714FD8E40FF,CLUB,ACTIVE_PUBLISHED,IT,,,TO_GEOCODE,YES,YES,2026-08-18
SIC-ID-CB60F2A41314,CLUB,CAT Milano 4 - Le rose che sbocciano,Lombardia,Milano,Milano,"Via Antonino Bezzola 5, Parrocchia Sant'Elena",,,,,ACAT Hudolin Milano,Giovedì,20:30,Luciana Marzio,https://www.arcatlombardia.it/CAT_Milano.html,ARCAT Lombardia ufficiale,2026-07-02,VERIFIED_OFFICIAL_CURRENT,,SIC-ID-7714FD8E40FF,CLUB,ACTIVE_PUBLISHED,IT,,,TO_GEOCODE,YES,YES,2026-08-18
SIC-ID-4EB62B9E7A63,CLUB,CAT Milano 5 - Della Rinascita,Lombardia,Milano,Milano,"Via Duprè 19, Istituto San Gaetano",,,,,ACAT Hudolin Milano,Martedì,21:00,Angela Ferraro,https://www.arcatlombardia.it/CAT_Milano.html,ARCAT Lombardia ufficiale,2026-07-02,VERIFIED_OFFICIAL_CURRENT,,SIC-ID-7714FD8E40FF,CLUB,ACTIVE_PUBLISHED,IT,,,TO_GEOCODE,YES,YES,2026-08-18
SIC-ID-897A79D18316,CLUB,CAT Milano 6 - La Fenice,Lombardia,Milano,Milano,"Via Marsala 10, Casa delle Associazioni",,,,,ACAT Hudolin Milano,Giovedì,21:00,Guido Riva,https://www.arcatlombardia.it/CAT_Milano.html,ARCAT Lombardia ufficiale,2026-07-02,VERIFIED_OFFICIAL_CURRENT,,SIC-ID-7714FD8E40FF,CLUB,ACTIVE_PUBLISHED,IT,,,TO_GEOCODE,YES,YES,2026-08-18
SIC-ID-5E39043366AC,CLUB,CAT Milano 7 - Ampère,Lombardia,Milano,Milano,"Via Ampère 75, Oratorio San Luca",,,,,ACAT Hudolin Milano,Giovedì,20:30,Luca Secco,https://www.arcatlombardia.it/CAT_Milano.html,ARCAT Lombardia ufficiale,2026-07-02,VERIFIED_OFFICIAL_CURRENT,,SIC-ID-7714FD8E40FF,CLUB,ACTIVE_PUBLISHED,IT,,,TO_GEOCODE,YES,YES,2026-08-18
SIC-ID-1A3A86EFE43E,CLUB,CAT Colturano 9 - La Libellula,Lombardia,Milano,Colturano,"Via Verdi, Sala del Tempo Libero Palestra",,,,,ACAT Hudolin Milano,Martedì,20:45,Mario Zambon,https://www.arcatlombardia.it/CAT_Milano.html,ARCAT Lombardia ufficiale,2026-07-02,VERIFIED_OFFICIAL_CURRENT,,SIC-ID-7714FD8E40FF,CLUB,ACTIVE_PUBLISHED,IT,,,TO_GEOCODE,YES,YES,2026-08-18
SIC-ID-31A2B85892ED,CLUB,CAT 8 - Ginkgo,Lombardia,Milano,Milano,"Via Lattanzio 58, Parrocchia San Pio V",,,,,ACAT Hudolin Milano,Giovedì,20:30,Stefano Fasola,https://www.arcatlombardia.it/CAT_Milano.html,ARCAT Lombardia ufficiale,2026-07-02,VERIFIED_OFFICIAL_CURRENT,,SIC-ID-7714FD8E40FF,CLUB,ACTIVE_PUBLISHED,IT,,,TO_GEOCODE,YES,YES,2026-08-18
SIC-ID-D98405112D26,CLUB,La Rondine,Marche,Fermo,Marina di Altidona,Via Leonardo da Vinci 10,,3497656452,amadio2004@libero.it,,ARCAT Marche ETS-ODV,,,Roberto Amadio,https://www.arcatmarche.it/dove-siamo/,ARCAT Marche ufficiale,2026-08-18,VERIFIED_OFFICIAL_CURRENT,,SIC-ID-D9B64FBFD3CE,CLUB,ACTIVE_PUBLISHED,IT,,,TO_GEOCODE,YES,YES,2026-08-18
SIC-ID-D7C91E7BC920,CLUB,Arcobaleno,Marche,Fermo,Fermo,Via Migliorati 2,,3408200491 / 3388771873,rosyeglauco@libero.it,,ARCAT Marche ETS-ODV,,,Glauco Scatasta,https://www.arcatmarche.it/dove-siamo/,ARCAT Marche ufficiale,2026-08-18,VERIFIED_OFFICIAL_CURRENT,,SIC-ID-D9B64FBFD3CE,CLUB,ACTIVE_PUBLISHED,IT,,,TO_GEOCODE,YES,YES,2026-08-18
SIC-ID-2708BE372E33,CLUB,L'Orizzonte,Marche,Fermo,Campofilone,"Corso G. Marconi 25, Teatro Comunale",,3450709840,amadio2004@libero.it,,ARCAT Marche ETS-ODV,,,Mara Malloni,https://www.arcatmarche.it/dove-siamo/,ARCAT Marche ufficiale,2026-08-18,VERIFIED_OFFICIAL_CURRENT,,SIC-ID-D9B64FBFD3CE,CLUB,ACTIVE_PUBLISHED,IT,,,TO_GEOCODE,YES,YES,2026-08-18
SIC-ID-F3B30228B67A,CLUB,L'Astro Nascente,Marche,Fermo,Fermo,"C.da Girola Valtenna 58, centro sociale Molini Girola",,3335745867,elilia@hotmail.it,,ARCAT Marche ETS-ODV,,,Elilia Santarelli,https://www.arcatmarche.it/dove-siamo/,ARCAT Marche ufficiale,2026-08-18,VERIFIED_OFFICIAL_CURRENT,,SIC-ID-D9B64FBFD3CE,CLUB,ACTIVE_PUBLISHED,IT,,,TO_GEOCODE,YES,YES,2026-08-18
SIC-ID-C6CEFC7EF89F,CLUB,L'Ancora,Marche,Fermo,Porto San Giorgio,"Via D. Silenzi 10, centro sportivo Don Bosco",,3487290866,luiginazazio@hotmail.com,,ARCAT Marche ETS-ODV,,,Luigina Zazio,https://www.arcatmarche.it/dove-siamo/,ARCAT Marche ufficiale,2026-08-18,VERIFIED_OFFICIAL_CURRENT,,SIC-ID-D9B64FBFD3CE,CLUB,ACTIVE_PUBLISHED,IT,,,TO_GEOCODE,YES,YES,2026-08-18
SIC-ID-7DBD6E2ACC0B,CLUB,Insieme,Marche,Fermo,Porto San Giorgio,"Via D. Silenzi 10, centro sportivo Don Bosco",,3471862122,urbanistefano1952@libero.it,,ARCAT Marche ETS-ODV,,,Stefano Urbani,https://www.arcatmarche.it/dove-siamo/,ARCAT Marche ufficiale,2026-08-18,VERIFIED_OFFICIAL_CURRENT,,SIC-ID-D9B64FBFD3CE,CLUB,ACTIVE_PUBLISHED,IT,,,TO_GEOCODE,YES,YES,2026-08-18
SIC-ID-9E0AA9185D40,CLUB,Unica Stella,Marche,Fermo,Monte Urano,Via Monte Grappa 43,,335343886,luisantonietta@yahoo.it,,ARCAT Marche ETS-ODV,,,Luisa Mandolesi,https://www.arcatmarche.it/dove-siamo/,ARCAT Marche ufficiale,2026-08-18,VERIFIED_OFFICIAL_CURRENT,,SIC-ID-D9B64FBFD3CE,CLUB,ACTIVE_PUBLISHED,IT,,,TO_GEOCODE,YES,YES,2026-08-18
SIC-ID-96BC9D55C749,CLUB,Le Palme,Marche,Ascoli Piceno,San Benedetto del Tronto,"Via Manzoni 36, Servizio Risposte Alcologiche",,3337754541,sabvici@libero.it,,ARCAT Marche ETS-ODV,,,Sabrina Vici,https://www.arcatmarche.it/dove-siamo/,ARCAT Marche ufficiale,2026-08-18,VERIFIED_OFFICIAL_CURRENT,,SIC-ID-D9B64FBFD3CE,CLUB,ACTIVE_PUBLISHED,IT,,,TO_GEOCODE,YES,YES,2026-08-18
SIC-ID-6ADCA715D4D0,CLUB,Il Faro,Marche,Ascoli Piceno,San Benedetto del Tronto,"Piazza San Filippo Neri, Parrocchia San Filippo Neri",,3397948429,56renziero@gmail.com,,ARCAT Marche ETS-ODV,,,Renziero Papetti,https://www.arcatmarche.it/dove-siamo/,ARCAT Marche ufficiale,2026-08-18,VERIFIED_OFFICIAL_CURRENT,,SIC-ID-D9B64FBFD3CE,CLUB,ACTIVE_PUBLISHED,IT,,,TO_GEOCODE,YES,YES,2026-08-18
SIC-ID-4CEC91060B69,CLUB,Pegasus,Marche,Ascoli Piceno,Porto d'Ascoli,Via Gronchi 17,,3402290219,,,ARCAT Marche ETS-ODV,,,Angelo Coccia,https://www.arcatmarche.it/dove-siamo/,ARCAT Marche ufficiale,2026-08-18,VERIFIED_OFFICIAL_CURRENT,,SIC-ID-D9B64FBFD3CE,CLUB,ACTIVE_PUBLISHED,IT,,,TO_GEOCODE,YES,YES,2026-08-18
SIC-ID-8215F6616943,CLUB,Vladimir Hudolin,Marche,Ascoli Piceno,Centobuchi di Monteprandone,"Via San Giacomo 107, Centro culturale Pacetti",,3452260282,marco.castorani8@gmail.com,,ARCAT Marche ETS-ODV,,,Marco Castorani,https://www.arcatmarche.it/dove-siamo/,ARCAT Marche ufficiale,2026-08-18,VERIFIED_OFFICIAL_CURRENT,,SIC-ID-D9B64FBFD3CE,CLUB,ACTIVE_PUBLISHED,IT,,,TO_GEOCODE,YES,YES,2026-08-18
SIC-ID-A19C9B70317D,CLUB,Ce La Faremo,Marche,Pesaro e Urbino,Cagli,Via Lapis 8,,3387132923,,,ARCAT Marche ETS-ODV,Giovedì,17:30,Michele Parisi,https://www.arcatmarche.it/dove-siamo/,ARCAT Marche ufficiale,2026-08-18,VERIFIED_OFFICIAL_CURRENT,,SIC-ID-D9B64FBFD3CE,CLUB,ACTIVE_PUBLISHED,IT,,,TO_GEOCODE,YES,YES,2026-08-18
SIC-ID-B8D1E999468D,CLUB,L'Incontro,Marche,Pesaro e Urbino,Urbania,Via Roma 54,,3463794502,,,ARCAT Marche ETS-ODV,Lunedì,18:00,Federica Merelli,https://www.arcatmarche.it/dove-siamo/,ARCAT Marche ufficiale,2026-08-18,VERIFIED_OFFICIAL_CURRENT,,SIC-ID-D9B64FBFD3CE,CLUB,ACTIVE_PUBLISHED,IT,,,TO_GEOCODE,YES,YES,2026-08-18
SIC-ID-FC9EA2E47F2F,CLUB,Uscendo dalla Nebbia,Marche,Pesaro e Urbino,Urbino,Via Guido da Montefeltro 45,,3476258643,,,ARCAT Marche ETS-ODV,Mercoledì,17:30,Marco Zazzeroni,https://www.arcatmarche.it/dove-siamo/,ARCAT Marche ufficiale,2026-08-18,VERIFIED_OFFICIAL_CURRENT,,SIC-ID-D9B64FBFD3CE,CLUB,ACTIVE_PUBLISHED,IT,,,TO_GEOCODE,YES,YES,2026-08-18
SIC-ID-96D9E230BFB2,CLUB,Ad Maiora,Marche,Macerata,Civitanova Marche,Via Crivelli 19,,3388771873,rosyeglauco@libero.it,,ARCAT Marche ETS-ODV,,,Glauco Scatasta,https://www.arcatmarche.it/dove-siamo/,ARCAT Marche ufficiale,2026-08-18,VERIFIED_OFFICIAL_CURRENT,,SIC-ID-D9B64FBFD3CE,CLUB,ACTIVE_PUBLISHED,IT,,,TO_GEOCODE,YES,YES,2026-08-18
SIC-ID-852DDA224768,CLUB,CAT Alba,Piemonte,Cuneo,Alba,,,,,,ACAT Alba Langhe e Roero ODV,,,,https://www.aslcn2.it/associazioni-di-volontariato/sostegno-persone-in-difficolta/acat-alba-langhe-roero/,ASL CN2,2026-08-18,VERIFIED_PUBLIC_INSTITUTION,"ASL CN2 dichiara tre Club attivi ad Alba, Canale e Cortemilia; indirizzo specifico non pubblicato nella scheda",,CLUB,ACTIVE_PUBLISHED,IT,,,TO_GEOCODE,YES,YES,2026-08-18
SIC-ID-1DAD63BEFC93,CLUB,CAT Canale,Piemonte,Cuneo,Canale,,,,,,ACAT Alba Langhe e Roero ODV,,,,https://www.aslcn2.it/associazioni-di-volontariato/sostegno-persone-in-difficolta/acat-alba-langhe-roero/,ASL CN2,2026-08-18,VERIFIED_PUBLIC_INSTITUTION,"ASL CN2 dichiara tre Club attivi ad Alba, Canale e Cortemilia; indirizzo specifico non pubblicato nella scheda",,CLUB,ACTIVE_PUBLISHED,IT,,,TO_GEOCODE,YES,YES,2026-08-18
SIC-ID-86E710EA4629,CLUB,CAT Cortemilia,Piemonte,Cuneo,Cortemilia,,,,,,ACAT Alba Langhe e Roero ODV,,,,https://www.aslcn2.it/associazioni-di-volontariato/sostegno-persone-in-difficolta/acat-alba-langhe-roero/,ASL CN2,2026-08-18,VERIFIED_PUBLIC_INSTITUTION,"ASL CN2 dichiara tre Club attivi ad Alba, Canale e Cortemilia; indirizzo specifico non pubblicato nella scheda",,CLUB,ACTIVE_PUBLISHED,IT,,,TO_GEOCODE,YES,YES,2026-08-18
SIC-ID-85205D8B5CBD,CLUB,CAT Bari,Puglia,,Bari,,,,,,ARCAT Puglia ODV,,,,https://www.facebook.com/61578021032255/,ARCAT Puglia Facebook pubblico,2026-08-18,PUBLIC_SOCIAL_NEEDS_ADDRESS_VERIFICATION,"Località citata da ARCAT Puglia; denominazione, indirizzo e orario da verificare",SIC-ID-FA8A3C74EE3F,CLUB,PUBLISHED_UNVERIFIED,IT,,,TO_GEOCODE,YES,YES,2026-08-18
SIC-ID-5709BCA2A30F,CLUB,CAT Altamura,Puglia,,Altamura,,,,,,ARCAT Puglia ODV,,,,https://www.facebook.com/61578021032255/,ARCAT Puglia Facebook pubblico,2026-08-18,PUBLIC_SOCIAL_NEEDS_ADDRESS_VERIFICATION,"Località citata da ARCAT Puglia; denominazione, indirizzo e orario da verificare",SIC-ID-FA8A3C74EE3F,CLUB,PUBLISHED_UNVERIFIED,IT,,,TO_GEOCODE,YES,YES,2026-08-18
SIC-ID-53F521CC660C,CLUB,CAT Capurso,Puglia,,Capurso,,,,,,ARCAT Puglia ODV,,,,https://www.facebook.com/61578021032255/,ARCAT Puglia Facebook pubblico,2026-08-18,PUBLIC_SOCIAL_NEEDS_ADDRESS_VERIFICATION,"Località citata da ARCAT Puglia; denominazione, indirizzo e orario da verificare",SIC-ID-FA8A3C74EE3F,CLUB,PUBLISHED_UNVERIFIED,IT,,,TO_GEOCODE,YES,YES,2026-08-18
SIC-ID-0F508478DBF1,CLUB,CAT Cassano delle Murge,Puglia,,Cassano delle Murge,,,,,,ARCAT Puglia ODV,,,,https://www.facebook.com/61578021032255/,ARCAT Puglia Facebook pubblico,2026-08-18,PUBLIC_SOCIAL_NEEDS_ADDRESS_VERIFICATION,"Località citata da ARCAT Puglia; denominazione, indirizzo e orario da verificare",SIC-ID-FA8A3C74EE3F,CLUB,PUBLISHED_UNVERIFIED,IT,,,TO_GEOCODE,YES,YES,2026-08-18
SIC-ID-A691DE63FADA,CLUB,CAT Carbonara,Puglia,,Carbonara,,,,,,ARCAT Puglia ODV,,,,https://www.facebook.com/61578021032255/,ARCAT Puglia Facebook pubblico,2026-08-18,PUBLIC_SOCIAL_NEEDS_ADDRESS_VERIFICATION,"Località citata da ARCAT Puglia; denominazione, indirizzo e orario da verificare",SIC-ID-FA8A3C74EE3F,CLUB,PUBLISHED_UNVERIFIED,IT,,,TO_GEOCODE,YES,YES,2026-08-18
SIC-ID-4EF5F3A9D189,CLUB,CAT Rutigliano,Puglia,,Rutigliano,,,,,,ARCAT Puglia ODV,,,,https://www.facebook.com/61578021032255/,ARCAT Puglia Facebook pubblico,2026-08-18,PUBLIC_SOCIAL_NEEDS_ADDRESS_VERIFICATION,"Località citata da ARCAT Puglia; denominazione, indirizzo e orario da verificare",SIC-ID-FA8A3C74EE3F,CLUB,PUBLISHED_UNVERIFIED,IT,,,TO_GEOCODE,YES,YES,2026-08-18
SIC-ID-F1A52B4D3C6D,CLUB,CAT Mola di Bari,Puglia,,Mola di Bari,,,,,,ARCAT Puglia ODV,,,,https://www.facebook.com/61578021032255/,ARCAT Puglia Facebook pubblico,2026-08-18,PUBLIC_SOCIAL_NEEDS_ADDRESS_VERIFICATION,"Località citata da ARCAT Puglia; denominazione, indirizzo e orario da verificare",SIC-ID-FA8A3C74EE3F,CLUB,PUBLISHED_UNVERIFIED,IT,,,TO_GEOCODE,YES,YES,2026-08-18
SIC-ID-86946129C7FC,CLUB,CAT Modugno,Puglia,,Modugno,,,,,,ARCAT Puglia ODV,,,,https://www.facebook.com/61578021032255/,ARCAT Puglia Facebook pubblico,2026-08-18,PUBLIC_SOCIAL_NEEDS_ADDRESS_VERIFICATION,"Località citata da ARCAT Puglia; denominazione, indirizzo e orario da verificare",SIC-ID-FA8A3C74EE3F,CLUB,PUBLISHED_UNVERIFIED,IT,,,TO_GEOCODE,YES,YES,2026-08-18
SIC-ID-2071C14388B0,CLUB,CAT Taranto,Puglia,,Taranto,,,,,,ARCAT Puglia ODV,,,,https://www.facebook.com/61578021032255/,ARCAT Puglia Facebook pubblico,2026-08-18,PUBLIC_SOCIAL_NEEDS_ADDRESS_VERIFICATION,"Località citata da ARCAT Puglia; denominazione, indirizzo e orario da verificare",SIC-ID-FA8A3C74EE3F,CLUB,PUBLISHED_UNVERIFIED,IT,,,TO_GEOCODE,YES,YES,2026-08-18
SIC-ID-5AFB5291067E,CLUB,CAT Massafra,Puglia,,Massafra,,,,,,ARCAT Puglia ODV,,,,https://www.facebook.com/61578021032255/,ARCAT Puglia Facebook pubblico,2026-08-18,PUBLIC_SOCIAL_NEEDS_ADDRESS_VERIFICATION,"Località citata da ARCAT Puglia; denominazione, indirizzo e orario da verificare",SIC-ID-FA8A3C74EE3F,CLUB,PUBLISHED_UNVERIFIED,IT,,,TO_GEOCODE,YES,YES,2026-08-18
SIC-ID-9D91D2FA084F,TERRITORIAL,ACAT ToCentro,Piemonte,Torino,Torino,Via Massena 55,,339 5926249 / 346 1315143,,https://www.cittadellasalute.to.it/,ARCAT Piemonte,,,,https://www.cittadellasalute.to.it/,PUBLIC_INSTITUTION,2026-08-18,VERIFIED_PUBLIC_SOURCE,,SIC-ID-5E9E8E6D5441,TERRITORIAL,ACTIVE_PUBLISHED,IT,,,TO_GEOCODE,YES,YES,2026-08-18
SIC-ID-F83737E9708E,TERRITORIAL,ACAT Torino Nord,Piemonte,Torino,Torino,Via Pietro Mascagni 20,,338 1244217,,https://www.piemontegiovani.it/uffici/associazione-club-alcologici-territoriali,ARCAT Piemonte,,,,https://www.piemontegiovani.it/uffici/associazione-club-alcologici-territoriali,PUBLIC_INSTITUTION,2026-08-18,VERIFIED_PUBLIC_SOURCE,,SIC-ID-5E9E8E6D5441,TERRITORIAL,ACTIVE_PUBLISHED,IT,,,TO_GEOCODE,YES,YES,2026-08-18
SIC-ID-22AB1925D74E,TERRITORIAL,ACAT Borgo San Dalmazzo,Piemonte,Cuneo,Borgo San Dalmazzo,Piazza dell'Abbazia 4,,,,https://www1.agenziaentrate.gov.it/servizi/domanda%2B5%2Bper%2Bmille/2021/motore.htm?_pagina=5,ARCAT Piemonte,,,,https://www1.agenziaentrate.gov.it/servizi/domanda%2B5%2Bper%2Bmille/2021/motore.htm?_pagina=5,PUBLIC_REGISTER,2026-08-18,PUBLIC_SOURCE_NEEDS_CURRENT_CONFIRMATION,,SIC-ID-5E9E8E6D5441,TERRITORIAL,PUBLISHED_UNVERIFIED,IT,,,TO_GEOCODE,YES,YES,2026-08-18
SIC-ID-7B8E606B192B,TERRITORIAL,ACAT Cuneese,Piemonte,Cuneo,Cuneo,Via Felice Cavallotti 35,,,,https://www1.agenziaentrate.gov.it/servizi/domanda%2B5%2Bper%2Bmille/2021/motore.htm?_pagina=5,ARCAT Piemonte,,,,https://www1.agenziaentrate.gov.it/servizi/domanda%2B5%2Bper%2Bmille/2021/motore.htm?_pagina=5,PUBLIC_REGISTER,2026-08-18,PUBLIC_SOURCE_NEEDS_CURRENT_CONFIRMATION,,SIC-ID-5E9E8E6D5441,TERRITORIAL,PUBLISHED_UNVERIFIED,IT,,,TO_GEOCODE,YES,YES,2026-08-18
SIC-ID-07063935CE6E,TERRITORIAL,ACAT di Chieri,Piemonte,Torino,Chieri,Via Giovanni XXIII 8,,,,https://www1.agenziaentrate.gov.it/servizi/domanda%2B5%2Bper%2Bmille/2021/motore.htm?_pagina=5,ARCAT Piemonte,,,,https://www1.agenziaentrate.gov.it/servizi/domanda%2B5%2Bper%2Bmille/2021/motore.htm?_pagina=5,PUBLIC_REGISTER,2026-08-18,PUBLIC_SOURCE_NEEDS_CURRENT_CONFIRMATION,,SIC-ID-5E9E8E6D5441,TERRITORIAL,PUBLISHED_UNVERIFIED,IT,,,TO_GEOCODE,YES,YES,2026-08-18
SIC-ID-6F8A7D16117F,TERRITORIAL,ACAT Sorriso della Speranza,Piemonte,Alessandria,Alessandria,Via Paolo Sacco 8,,,,https://www1.agenziaentrate.gov.it/servizi/domanda%2B5%2Bper%2Bmille/2021/motore.htm?_pagina=5,ARCAT Piemonte,,,,https://www1.agenziaentrate.gov.it/servizi/domanda%2B5%2Bper%2Bmille/2021/motore.htm?_pagina=5,PUBLIC_REGISTER,2026-08-18,PUBLIC_SOURCE_NEEDS_CURRENT_CONFIRMATION,,SIC-ID-5E9E8E6D5441,TERRITORIAL,PUBLISHED_UNVERIFIED,IT,,,TO_GEOCODE,YES,YES,2026-08-18
SIC-ID-EA019BE575FF,TERRITORIAL,ACAT Torino Est ODV,Piemonte,Torino,Torino,Via Giolitti 21,,,,https://www1.agenziaentrate.gov.it/servizi/domanda%2B5%2Bper%2Bmille/2021/motore.htm?_pagina=5,ARCAT Piemonte,,,,https://www1.agenziaentrate.gov.it/servizi/domanda%2B5%2Bper%2Bmille/2021/motore.htm?_pagina=5,PUBLIC_REGISTER,2026-08-18,PUBLIC_SOURCE_NEEDS_CURRENT_CONFIRMATION,,SIC-ID-5E9E8E6D5441,TERRITORIAL,PUBLISHED_UNVERIFIED,IT,,,TO_GEOCODE,YES,YES,2026-08-18
SIC-ID-17585855CD74,TERRITORIAL,ACAT Cremona e Territorio ODV,Lombardia,Cremona,Cremona,Via dell'Annona 1/3,,,,https://www1.agenziaentrate.gov.it/servizi/domanda%2B5%2Bper%2Bmille/2021/motore.htm?_pagina=5,ARCAT Lombardia,,,,https://www1.agenziaentrate.gov.it/servizi/domanda%2B5%2Bper%2Bmille/2021/motore.htm?_pagina=5,PUBLIC_REGISTER,2026-08-18,PUBLIC_SOURCE_NEEDS_CURRENT_CONFIRMATION,,SIC-ID-EBC3C9841DDE,TERRITORIAL,PUBLISHED_UNVERIFIED,IT,,,TO_GEOCODE,YES,YES,2026-08-18
SIC-ID-9C2091117C64,TERRITORIAL,ACAT Pavia,Lombardia,Pavia,Pavia,Via dei Liguri 34,,,,https://www1.agenziaentrate.gov.it/servizi/domanda%2B5%2Bper%2Bmille/2021/motore.htm?_pagina=5,ARCAT Lombardia,,,,https://www1.agenziaentrate.gov.it/servizi/domanda%2B5%2Bper%2Bmille/2021/motore.htm?_pagina=5,PUBLIC_REGISTER,2026-08-18,PUBLIC_SOURCE_NEEDS_CURRENT_CONFIRMATION,,SIC-ID-EBC3C9841DDE,TERRITORIAL,PUBLISHED_UNVERIFIED,IT,,,TO_GEOCODE,YES,YES,2026-08-18
SIC-ID-6B72806834FD,TERRITORIAL,ACAT Polesine Occidentale ODV,Veneto,Rovigo,Lendinara,Via Caduti del Lavoro 33,,,,https://www1.agenziaentrate.gov.it/servizi/domanda%2B5%2Bper%2Bmille/2021/motore.htm?_pagina=5,ARCAT Veneto ODV,,,,https://www1.agenziaentrate.gov.it/servizi/domanda%2B5%2Bper%2Bmille/2021/motore.htm?_pagina=5,PUBLIC_REGISTER,2026-08-18,PUBLIC_SOURCE_NEEDS_CURRENT_CONFIRMATION,,SIC-ID-098060EC0D91,TERRITORIAL,PUBLISHED_UNVERIFIED,IT,,,TO_GEOCODE,YES,YES,2026-08-18
SIC-ID-6D7169622634,TERRITORIAL,ACAT La Speranza ODV,Veneto,Treviso,Spresiano,"Via Monsignor Condotta 1, Visnadello",,,,https://www1.agenziaentrate.gov.it/servizi/domanda%2B5%2Bper%2Bmille/2021/motore.htm?_pagina=5,ARCAT Veneto ODV,,,,https://www1.agenziaentrate.gov.it/servizi/domanda%2B5%2Bper%2Bmille/2021/motore.htm?_pagina=5,PUBLIC_REGISTER,2026-08-18,PUBLIC_SOURCE_NEEDS_CURRENT_CONFIRMATION,,SIC-ID-098060EC0D91,TERRITORIAL,PUBLISHED_UNVERIFIED,IT,,,TO_GEOCODE,YES,YES,2026-08-18
SIC-ID-4C91D2D6F82C,TERRITORIAL,ACAT Camminiamo Insieme,Sardegna,Sassari,Sassari,Via Ugo La Malfa 34,,,,https://www1.agenziaentrate.gov.it/servizi/domanda%2B5%2Bper%2Bmille/2021/motore.htm?_pagina=5,ARCAT Sardegna,,,,https://www1.agenziaentrate.gov.it/servizi/domanda%2B5%2Bper%2Bmille/2021/motore.htm?_pagina=5,PUBLIC_REGISTER,2026-08-18,PUBLIC_SOURCE_NEEDS_CURRENT_CONFIRMATION,,SIC-ID-661B2D7394C6,TERRITORIAL,PUBLISHED_UNVERIFIED,IT,,,TO_GEOCODE,YES,YES,2026-08-18
SIC-ID-85F13EF58E7E,TERRITORIAL,ACAT del Potentino,Basilicata,Potenza,Potenza,Via Masseria Barrata 45,,,,https://www1.agenziaentrate.gov.it/servizi/domanda%2B5%2Bper%2Bmille/2021/motore.htm?_pagina=5,ARCAT Basilicata,,,,https://www1.agenziaentrate.gov.it/servizi/domanda%2B5%2Bper%2Bmille/2021/motore.htm?_pagina=5,PUBLIC_REGISTER,2026-08-18,PUBLIC_SOURCE_NEEDS_CURRENT_CONFIRMATION,,SIC-ID-1FF6717E255F,TERRITORIAL,PUBLISHED_UNVERIFIED,IT,,,TO_GEOCODE,YES,YES,2026-08-18
SIC-ID-1E2D165003A1,TERRITORIAL,ACAT Romagna Renato Bolognesi ODV,Emilia-Romagna,Forlì-Cesena,Cesena,,,346 2176182 / 338 9377562,,https://www.acatromagna.com/,ARCAT Emilia Romagna ODV,,,,https://www.acatromagna.com/,OFFICIAL_ASSOCIATION,2026-08-18,VERIFIED_PUBLIC_SOURCE,,SIC-ID-AF7E66007939,TERRITORIAL,ACTIVE_PUBLISHED,IT,,,TO_GEOCODE,YES,YES,2026-08-18
SIC-ID-CC3988FD27AA,TERRITORIAL,ACAT Piacenza,Emilia-Romagna,Piacenza,Piacenza,Galleria San Donnino 4,,349 0889290,,https://acatpiacenza.jimdofree.com,ARCAT Emilia Romagna ODV,,,,https://acatpiacenza.jimdofree.com,PUBLIC_DIRECTORY,2026-08-18,PUBLIC_SOURCE_NEEDS_CURRENT_CONFIRMATION,,SIC-ID-AF7E66007939,TERRITORIAL,PUBLISHED_UNVERIFIED,IT,,,TO_GEOCODE,YES,YES,2026-08-18
