sic_id,level,country,country_code,entity_name,region,city,address,status,parent_name,source_url,source_type,language,meeting,public_contact,last_checked,notes
SIC-ID-3FBD36AFADC4,COUNTRY_NETWORK,Italy,,AICAT / ANICAT,,,,ACTIVE_NETWORK,,https://aicat.net/,Official/public network source,Italian,,,2026-08-18,
SIC-ID-C9D653E59EE6,COUNTRY_NETWORK,Croatia,,Hrvatski savez klubova liječenih alkoholičara (HSKLA),,,,ACTIVE_NETWORK,,https://hskla.hr/o-nama/,Official/public network source,Croatian,,,2026-08-18,
SIC-ID-970DA1B6803D,COUNTRY_NETWORK,Serbia,,Zajednica klubova lečenih alkoholičara Srbije,,,,ACTIVE_NETWORK,,https://zklas.org/kontakt-podaci-zajednice-klubova/klubovi-zajednice/,Official/public network source,Serbian,,,2026-08-18,
SIC-ID-32F4497BC8E5,COUNTRY_NETWORK,Slovenia,,Zveza klubov zdravljenih alkoholikov Slovenije,,,,ACTIVE_NETWORK,,https://zvezakza.si/kontakt/,Official/public network source,Slovenian,,,2026-08-18,
SIC-ID-278088330A39,COUNTRY_NETWORK,Bosnia and Herzegovina,,Hudolin/KLA networks,,,,PUBLIC_NETWORK_REFERENCES,,https://zklas.org/kontakt-podaci-zajednice-klubova/klubovi-u-regionu/,Official/public network source,Bosnian/Croatian/Serbian,,,2026-08-18,
SIC-ID-29358E133010,COUNTRY_NETWORK,Montenegro,,Regional directory reports no active club data,,,,NO_ACTIVE_DATA_IN_REGIONAL_DIRECTORY,,https://zklas.org/kontakt-podaci-zajednice-klubova/klubovi-u-regionu/,Official/public network source,Montenegrin,,,2026-08-18,
SIC-ID-D5DF3A4565E9,COUNTRY_PRESENCE,Albania,,Hudolin Club / socio-ecological approach presence,,,,HISTORICAL_PRESENCE_NEEDS_CURRENT_VERIFICATION,,https://www.academia.edu/87078905/Club_of_Treated_Alcoholics_A_Guide_for_the_Work_in_the_Clubs_of_Treated_Alcoholics_Social_Ecological_Approach_With_Works_of_Vladimir_Hudolin,Historical international Hudolin literature,various,,,2026-08-18,Presence documented historically; current club-level network not yet verified.
SIC-ID-57ADD22C3B53,COUNTRY_PRESENCE,Brazil,,Hudolin Club / socio-ecological approach presence,,,,HISTORICAL_PRESENCE_NEEDS_CURRENT_VERIFICATION,,https://www.academia.edu/87078905/Club_of_Treated_Alcoholics_A_Guide_for_the_Work_in_the_Clubs_of_Treated_Alcoholics_Social_Ecological_Approach_With_Works_of_Vladimir_Hudolin,Historical international Hudolin literature,various,,,2026-08-18,Presence documented historically; current club-level network not yet verified.
SIC-ID-081583A29CAB,COUNTRY_PRESENCE,Bulgaria,,Hudolin Club / socio-ecological approach presence,,,,HISTORICAL_PRESENCE_NEEDS_CURRENT_VERIFICATION,,https://www.academia.edu/87078905/Club_of_Treated_Alcoholics_A_Guide_for_the_Work_in_the_Clubs_of_Treated_Alcoholics_Social_Ecological_Approach_With_Works_of_Vladimir_Hudolin,Historical international Hudolin literature,various,,,2026-08-18,Presence documented historically; current club-level network not yet verified.
SIC-ID-FC69DDA682E0,COUNTRY_PRESENCE,Ecuador,,Hudolin Club / socio-ecological approach presence,,,,HISTORICAL_PRESENCE_NEEDS_CURRENT_VERIFICATION,,https://www.academia.edu/87078905/Club_of_Treated_Alcoholics_A_Guide_for_the_Work_in_the_Clubs_of_Treated_Alcoholics_Social_Ecological_Approach_With_Works_of_Vladimir_Hudolin,Historical international Hudolin literature,various,,,2026-08-18,Presence documented historically; current club-level network not yet verified.
SIC-ID-A5A060A6CDE7,COUNTRY_PRESENCE,Greece,,Hudolin Club / socio-ecological approach presence,,,,HISTORICAL_PRESENCE_NEEDS_CURRENT_VERIFICATION,,https://www.academia.edu/87078905/Club_of_Treated_Alcoholics_A_Guide_for_the_Work_in_the_Clubs_of_Treated_Alcoholics_Social_Ecological_Approach_With_Works_of_Vladimir_Hudolin,Historical international Hudolin literature,various,,,2026-08-18,Presence documented historically; current club-level network not yet verified.
SIC-ID-DF888D15A37C,COUNTRY_PRESENCE,North Macedonia,,Hudolin Club / socio-ecological approach presence,,,,HISTORICAL_PRESENCE_NEEDS_CURRENT_VERIFICATION,,https://www.academia.edu/87078905/Club_of_Treated_Alcoholics_A_Guide_for_the_Work_in_the_Clubs_of_Treated_Alcoholics_Social_Ecological_Approach_With_Works_of_Vladimir_Hudolin,Historical international Hudolin literature,various,,,2026-08-18,Presence documented historically; current club-level network not yet verified.
SIC-ID-A0FBD5EE9D95,COUNTRY_PRESENCE,New Zealand,,Hudolin Club / socio-ecological approach presence,,,,HISTORICAL_PRESENCE_NEEDS_CURRENT_VERIFICATION,,https://www.academia.edu/87078905/Club_of_Treated_Alcoholics_A_Guide_for_the_Work_in_the_Clubs_of_Treated_Alcoholics_Social_Ecological_Approach_With_Works_of_Vladimir_Hudolin,Historical international Hudolin literature,various,,,2026-08-18,Presence documented historically; current club-level network not yet verified.
SIC-ID-BEACE4D17B2D,COUNTRY_PRESENCE,Poland,,Hudolin Club / socio-ecological approach presence,,,,HISTORICAL_PRESENCE_NEEDS_CURRENT_VERIFICATION,,https://www.academia.edu/87078905/Club_of_Treated_Alcoholics_A_Guide_for_the_Work_in_the_Clubs_of_Treated_Alcoholics_Social_Ecological_Approach_With_Works_of_Vladimir_Hudolin,Historical international Hudolin literature,various,,,2026-08-18,Presence documented historically; current club-level network not yet verified.
SIC-ID-C9C654F7BD0C,COUNTRY_PRESENCE,Romania,,Hudolin Club / socio-ecological approach presence,,,,HISTORICAL_PRESENCE_NEEDS_CURRENT_VERIFICATION,,https://www.academia.edu/87078905/Club_of_Treated_Alcoholics_A_Guide_for_the_Work_in_the_Clubs_of_Treated_Alcoholics_Social_Ecological_Approach_With_Works_of_Vladimir_Hudolin,Historical international Hudolin literature,various,,,2026-08-18,Presence documented historically; current club-level network not yet verified.
SIC-ID-76D11F66B19E,COUNTRY_PRESENCE,Russia,,Hudolin Club / socio-ecological approach presence,,,,HISTORICAL_PRESENCE_NEEDS_CURRENT_VERIFICATION,,https://www.academia.edu/87078905/Club_of_Treated_Alcoholics_A_Guide_for_the_Work_in_the_Clubs_of_Treated_Alcoholics_Social_Ecological_Approach_With_Works_of_Vladimir_Hudolin,Historical international Hudolin literature,various,,,2026-08-18,Presence documented historically; current club-level network not yet verified.
SIC-ID-8063D963F453,COUNTRY_PRESENCE,Slovakia,,Hudolin Club / socio-ecological approach presence,,,,HISTORICAL_PRESENCE_NEEDS_CURRENT_VERIFICATION,,https://www.academia.edu/87078905/Club_of_Treated_Alcoholics_A_Guide_for_the_Work_in_the_Clubs_of_Treated_Alcoholics_Social_Ecological_Approach_With_Works_of_Vladimir_Hudolin,Historical international Hudolin literature,various,,,2026-08-18,Presence documented historically; current club-level network not yet verified.
SIC-ID-2C33EC274CA6,COUNTRY_PRESENCE,Spain,,Hudolin Club / socio-ecological approach presence,,,,HISTORICAL_PRESENCE_NEEDS_CURRENT_VERIFICATION,,https://www.academia.edu/87078905/Club_of_Treated_Alcoholics_A_Guide_for_the_Work_in_the_Clubs_of_Treated_Alcoholics_Social_Ecological_Approach_With_Works_of_Vladimir_Hudolin,Historical international Hudolin literature,various,,,2026-08-18,Presence documented historically; current club-level network not yet verified.
SIC-ID-39D9134FEFD8,COUNTRY_PRESENCE,Switzerland,,Hudolin Club / socio-ecological approach presence,,,,HISTORICAL_PRESENCE_NEEDS_CURRENT_VERIFICATION,,https://www.academia.edu/87078905/Club_of_Treated_Alcoholics_A_Guide_for_the_Work_in_the_Clubs_of_Treated_Alcoholics_Social_Ecological_Approach_With_Works_of_Vladimir_Hudolin,Historical international Hudolin literature,various,,,2026-08-18,Presence documented historically; current club-level network not yet verified.
SIC-ID-4F43DBA131C2,COUNTRY_PRESENCE,Denmark,,Hudolin Club / socio-ecological approach presence,,,,HISTORICAL_PRESENCE_NEEDS_CURRENT_VERIFICATION,,https://www.academia.edu/87078905/Club_of_Treated_Alcoholics_A_Guide_for_the_Work_in_the_Clubs_of_Treated_Alcoholics_Social_Ecological_Approach_With_Works_of_Vladimir_Hudolin,Historical international Hudolin literature,various,,,2026-08-18,Presence documented historically; current club-level network not yet verified.
SIC-ID-A12FE60CA43A,COUNTRY_PRESENCE,Norway,,Hudolin Club / socio-ecological approach presence,,,,HISTORICAL_PRESENCE_NEEDS_CURRENT_VERIFICATION,,https://www.academia.edu/87078905/Club_of_Treated_Alcoholics_A_Guide_for_the_Work_in_the_Clubs_of_Treated_Alcoholics_Social_Ecological_Approach_With_Works_of_Vladimir_Hudolin,Historical international Hudolin literature,various,,,2026-08-18,Presence documented historically; current club-level network not yet verified.
SIC-ID-FB98A5484E86,COUNTRY_PRESENCE,Sweden,,Hudolin Club / socio-ecological approach presence,,,,HISTORICAL_PRESENCE_NEEDS_CURRENT_VERIFICATION,,https://www.academia.edu/87078905/Club_of_Treated_Alcoholics_A_Guide_for_the_Work_in_the_Clubs_of_Treated_Alcoholics_Social_Ecological_Approach_With_Works_of_Vladimir_Hudolin,Historical international Hudolin literature,various,,,2026-08-18,Presence documented historically; current club-level network not yet verified.
SIC-ID-89B196195DB4,COUNTRY_PRESENCE,Finland,,Hudolin Club / socio-ecological approach presence,,,,HISTORICAL_PRESENCE_NEEDS_CURRENT_VERIFICATION,,https://www.academia.edu/87078905/Club_of_Treated_Alcoholics_A_Guide_for_the_Work_in_the_Clubs_of_Treated_Alcoholics_Social_Ecological_Approach_With_Works_of_Vladimir_Hudolin,Historical international Hudolin literature,various,,,2026-08-18,Presence documented historically; current club-level network not yet verified.
SIC-ID-D9A12F7BB321,NATIONAL,Croatia,,HSKLA - Hrvatski savez klubova liječenih alkoholičara,,Zagreb,"Vinogradska c. 29, 10000 Zagreb",VERIFIED_OFFICIAL_CURRENT,,https://hskla.hr/o-nama/,HSKLA official,hr,,hskla.zg@gmail.com,2026-08-18,
SIC-ID-F5B0230983EC,CLUB,Croatia,,KLA CENTAR,Zagreb,Zagreb,Tkalčićeva 33,ACTIVE,HSKLA - Hrvatski savez klubova liječenih alkoholičara,https://hskla.hr/o-nama/,HSKLA official directory,hr,utorak 16:30,,2026-08-18,
SIC-ID-89F72DD14D06,CLUB,Croatia,,KLA CENTAR TKALČA,Zagreb,Zagreb,Tkalčićeva 33,ACTIVE,HSKLA - Hrvatski savez klubova liječenih alkoholičara,https://hskla.hr/o-nama/,HSKLA official directory,hr,ponedjeljak 16:30,,2026-08-18,
SIC-ID-242563F4AA28,CLUB,Croatia,,KLA CENTAR STARA TKALČA,Zagreb,Zagreb,Nova Ves 36,ACTIVE,HSKLA - Hrvatski savez klubova liječenih alkoholičara,https://hskla.hr/o-nama/,HSKLA official directory,hr,ponedjeljak 18:30,,2026-08-18,
SIC-ID-EBE2B57792D9,CLUB,Croatia,,KLA DUBRAVKA NOVA,Zagreb,Zagreb,"Rapska 39, DZ Sigečica",ACTIVE,HSKLA - Hrvatski savez klubova liječenih alkoholičara,https://hskla.hr/o-nama/,HSKLA official directory,hr,utorak 17:30,,2026-08-18,
SIC-ID-552B9D8B1852,CLUB,Croatia,,KLA IZVOR,Zagreb,Zagreb,,DORMANT,HSKLA - Hrvatski savez klubova liječenih alkoholičara,https://hskla.hr/o-nama/,HSKLA official directory,hr,,,2026-08-18,
SIC-ID-C58DF5F6CB75,CLUB,Croatia,,KLA MEDVEŠČAK I,Zagreb,Zagreb,Šubićeva 40/2,ACTIVE,HSKLA - Hrvatski savez klubova liječenih alkoholičara,https://hskla.hr/o-nama/,HSKLA official directory,hr,ponedjeljak 16:00,,2026-08-18,
SIC-ID-2C51448102C6,CLUB,Croatia,,KLA MEDVEŠČAK II,Zagreb,Zagreb,Šubićeva 40/2,ACTIVE,HSKLA - Hrvatski savez klubova liječenih alkoholičara,https://hskla.hr/o-nama/,HSKLA official directory,hr,ponedjeljak 17:00,,2026-08-18,
SIC-ID-14A164F737E7,CLUB,Croatia,,KLA PEŠČENICA,Zagreb,Zagreb,Miletićeva 1,ACTIVE,HSKLA - Hrvatski savez klubova liječenih alkoholičara,https://hskla.hr/o-nama/,HSKLA official directory,hr,utorak i četvrtak 17:00,,2026-08-18,
SIC-ID-8E4C96B9B687,CLUB,Croatia,,KLA BAN KEGLEVIĆ,Zagreb,Zagreb,Prilaz baruna Filipovića 11,ACTIVE,HSKLA - Hrvatski savez klubova liječenih alkoholičara,https://hskla.hr/o-nama/,HSKLA official directory,hr,četvrtak 19:00,,2026-08-18,
SIC-ID-3F1C259CAA1B,CLUB,Croatia,,KLA ČRNOMEREC,Zagreb,Zagreb,Selska 3,ACTIVE,HSKLA - Hrvatski savez klubova liječenih alkoholičara,https://hskla.hr/o-nama/,HSKLA official directory,hr,ponedjeljak 16:00,,2026-08-18,
SIC-ID-5DDDF4BACD91,CLUB,Croatia,,KLA KUSTOŠIJA-CENTAR,Zagreb,Zagreb,Ilica 259,ACTIVE,HSKLA - Hrvatski savez klubova liječenih alkoholičara,https://hskla.hr/o-nama/,HSKLA official directory,hr,utorak 16:00,,2026-08-18,
SIC-ID-5EA447C1B858,CLUB,Croatia,,KLA SVETI DUH,Zagreb,Zagreb,Sveti Duh 26,ACTIVE,HSKLA - Hrvatski savez klubova liječenih alkoholičara,https://hskla.hr/o-nama/,HSKLA official directory,hr,ponedjeljak 17:00,,2026-08-18,
SIC-ID-1F31F764AA8F,CLUB,Croatia,,KLA KUSTOŠIJA 2,Zagreb,Zagreb,Vatrogasna 6,ACTIVE,HSKLA - Hrvatski savez klubova liječenih alkoholičara,https://hskla.hr/o-nama/,HSKLA official directory,hr,utorak 17:00,,2026-08-18,
SIC-ID-AE82063B6B66,CLUB,Croatia,,UAA DUBRAVA CENTAR,Zagreb,Zagreb,Međugorska 55,ACTIVE,HSKLA - Hrvatski savez klubova liječenih alkoholičara,https://hskla.hr/o-nama/,HSKLA official directory,hr,utorak 18:30,,2026-08-18,
SIC-ID-14E89B53882B,CLUB,Croatia,,UAA DUBRAVA CENTAR I,Zagreb,Zagreb,Međugorska 55,ACTIVE,HSKLA - Hrvatski savez klubova liječenih alkoholičara,https://hskla.hr/o-nama/,HSKLA official directory,hr,utorak 20:00,,2026-08-18,
SIC-ID-55A552537D2D,CLUB,Croatia,,KLA KLAKA III,Zagreb,Zagreb,Zdenka Škraba 3,ACTIVE,HSKLA - Hrvatski savez klubova liječenih alkoholičara,https://hskla.hr/o-nama/,HSKLA official directory,hr,srijeda 18:00,,2026-08-18,
SIC-ID-3CCEFBDBD49B,CLUB,Croatia,,KLA OBITELJSKI ŽIVOT,Zagreb,Zagreb,Vrpoljska 10,ACTIVE,HSKLA - Hrvatski savez klubova liječenih alkoholičara,https://hskla.hr/o-nama/,HSKLA official directory,hr,četvrtak 17:00,,2026-08-18,
SIC-ID-BD072B08AA5B,CLUB,Croatia,,ULA RETKOVEC,Zagreb,Zagreb,Vrpoljska 10,ACTIVE,HSKLA - Hrvatski savez klubova liječenih alkoholičara,https://hskla.hr/o-nama/,HSKLA official directory,hr,četvrtak 18:30,,2026-08-18,
SIC-ID-69EDAFC59D8E,CLUB,Croatia,,KLA STUDENTSKI GRAD,Zagreb,Zagreb,Vile Velebita 10/3,ACTIVE,HSKLA - Hrvatski savez klubova liječenih alkoholičara,https://hskla.hr/o-nama/,HSKLA official directory,hr,ponedjeljak 17:00,,2026-08-18,
SIC-ID-EAF72940EC01,CLUB,Croatia,,KLA BARUTANSKI JARAK,Zagreb,Zagreb,Barutanski brijeg 5,ACTIVE,HSKLA - Hrvatski savez klubova liječenih alkoholičara,https://hskla.hr/o-nama/,HSKLA official directory,hr,ponedjeljak 17:30,,2026-08-18,
SIC-ID-36A92C0B4918,CLUB,Croatia,,KLA DINKO ŠIMUNOVIĆ,Zagreb,Zagreb,Trg Vlahe Bukovca 3,ACTIVE,HSKLA - Hrvatski savez klubova liječenih alkoholičara,https://hskla.hr/o-nama/,HSKLA official directory,hr,ponedjeljak 17:00,,2026-08-18,
SIC-ID-9F921026B02F,CLUB,Croatia,,KLA MAKSIMIRSKA NASELJA,Zagreb,Zagreb,Zvonimirova 68,ACTIVE,HSKLA - Hrvatski savez klubova liječenih alkoholičara,https://hskla.hr/o-nama/,HSKLA official directory,hr,utorak 18:00,,2026-08-18,
SIC-ID-82CFDFEC71FC,CLUB,Croatia,,KLA NOVA TRATINČICA,Zagreb,Zagreb,Trg Vlahe Bukovca 3,ACTIVE,HSKLA - Hrvatski savez klubova liječenih alkoholičara,https://hskla.hr/o-nama/,HSKLA official directory,hr,ponedjeljak 18:00,,2026-08-18,
SIC-ID-2EAFCD0BB086,CLUB,Croatia,,KLA HORVATI SREDNJACI,Zagreb,Zagreb,Horvaćanska 54,ACTIVE,HSKLA - Hrvatski savez klubova liječenih alkoholičara,https://hskla.hr/o-nama/,HSKLA official directory,hr,ponedjeljak 18:00,,2026-08-18,
SIC-ID-47279E5AAE51,CLUB,Croatia,,KLA OSVIT,Zagreb,Zagreb,Prečko 2a,ACTIVE,HSKLA - Hrvatski savez klubova liječenih alkoholičara,https://hskla.hr/o-nama/,HSKLA official directory,hr,četvrtak 17:30,,2026-08-18,
SIC-ID-3D325C644267,CLUB,Croatia,,KLA RUDEŠ,Zagreb,Zagreb,Rudeška cesta 71,ACTIVE,HSKLA - Hrvatski savez klubova liječenih alkoholičara,https://hskla.hr/o-nama/,HSKLA official directory,hr,srijeda 18:15,,2026-08-18,
SIC-ID-F1806A81BFF2,CLUB,Croatia,,KLA VRBANI,Zagreb,Zagreb,Rudeška cesta 71,ACTIVE,HSKLA - Hrvatski savez klubova liječenih alkoholičara,https://hskla.hr/o-nama/,HSKLA official directory,hr,srijeda 17:15,,2026-08-18,
SIC-ID-CE5276F35D5F,CLUB,Croatia,,KLA STARA TREŠNJEVKA,Zagreb,Zagreb,Ozaljska 16,ACTIVE,HSKLA - Hrvatski savez klubova liječenih alkoholičara,https://hskla.hr/o-nama/,HSKLA official directory,hr,ponedjeljak 18:00,,2026-08-18,
SIC-ID-21A9871846C5,CLUB,Croatia,,KLA MALEŠNICA,Zagreb,Zagreb,I.B. Mažuranić 18,ACTIVE,HSKLA - Hrvatski savez klubova liječenih alkoholičara,https://hskla.hr/o-nama/,HSKLA official directory,hr,ponedjeljak 18:00,,2026-08-18,
SIC-ID-717797D3AC8D,CLUB,Croatia,,KLA PODSUSED,Zagreb,Zagreb,Podsusedski trg 3,ACTIVE,HSKLA - Hrvatski savez klubova liječenih alkoholičara,https://hskla.hr/o-nama/,HSKLA official directory,hr,četvrtak 17:30,,2026-08-18,
SIC-ID-1A9036FAF041,CLUB,Croatia,,KLA ŠPANSKO,Zagreb,Zagreb,Trg I. Kukuljevića 9,ACTIVE,HSKLA - Hrvatski savez klubova liječenih alkoholičara,https://hskla.hr/o-nama/,HSKLA official directory,hr,četvrtak 18:00,,2026-08-18,
SIC-ID-76B6CF7C7A99,CLUB,Croatia,,KLA STENJEVEC,Zagreb,Zagreb,Samoborska c. 63,ACTIVE,HSKLA - Hrvatski savez klubova liječenih alkoholičara,https://hskla.hr/o-nama/,HSKLA official directory,hr,srijeda 17:30,,2026-08-18,
SIC-ID-8E250A211E05,CLUB,Croatia,,KLA SUSEDGRAD,Zagreb,Zagreb,Ilica 421,ACTIVE,HSKLA - Hrvatski savez klubova liječenih alkoholičara,https://hskla.hr/o-nama/,HSKLA official directory,hr,ponedjeljak 17:30,,2026-08-18,
SIC-ID-913D7401D8B0,CLUB,Croatia,,KLA VRAPČE-CENTAR I,Zagreb,Zagreb,Ilica 421,ACTIVE,HSKLA - Hrvatski savez klubova liječenih alkoholičara,https://hskla.hr/o-nama/,HSKLA official directory,hr,srijeda 16:30,,2026-08-18,
SIC-ID-8DD713B4A8A7,CLUB,Croatia,,OKLA VRAPČE,Zagreb,Zagreb,Bolnička 32,ACTIVE,HSKLA - Hrvatski savez klubova liječenih alkoholičara,https://hskla.hr/o-nama/,HSKLA official directory,hr,utorak 14:00,,2026-08-18,
SIC-ID-57988AB2EDD9,CLUB,Croatia,,KLA DUGAVE,Zagreb,Zagreb,Ul. Sv. Mateja 93,ACTIVE,HSKLA - Hrvatski savez klubova liječenih alkoholičara,https://hskla.hr/o-nama/,HSKLA official directory,hr,utorak 17:00,,2026-08-18,
SIC-ID-0C2BCCFBB150,CLUB,Croatia,,KLA REMETINEC,Zagreb,Zagreb,Trg Narodne zaštite 1,ACTIVE,HSKLA - Hrvatski savez klubova liječenih alkoholičara,https://hskla.hr/o-nama/,HSKLA official directory,hr,ponedjeljak 16:00,,2026-08-18,
SIC-ID-69DAE79BC02B,CLUB,Croatia,,KLA REMETINEC GAJ,Zagreb,Zagreb,Remetinečki gaj 12,ACTIVE,HSKLA - Hrvatski savez klubova liječenih alkoholičara,https://hskla.hr/o-nama/,HSKLA official directory,hr,ponedjeljak 17:00,,2026-08-18,
SIC-ID-631B85E79647,CLUB,Croatia,,KLA SIGET,Zagreb,Zagreb,Radmanovečka 39,ACTIVE,HSKLA - Hrvatski savez klubova liječenih alkoholičara,https://hskla.hr/o-nama/,HSKLA official directory,hr,četvrtak 16:45,,2026-08-18,
SIC-ID-A7772AD94278,CLUB,Croatia,,KLA SVETA KLARA,Zagreb,Zagreb,Mrkšina 40,ACTIVE,HSKLA - Hrvatski savez klubova liječenih alkoholičara,https://hskla.hr/o-nama/,HSKLA official directory,hr,utorak 17:00,,2026-08-18,
SIC-ID-B16534E66F72,CLUB,Croatia,,KLA UTRINA,Zagreb,Zagreb,Barčev trg 16/II,ACTIVE,HSKLA - Hrvatski savez klubova liječenih alkoholičara,https://hskla.hr/o-nama/,HSKLA official directory,hr,srijeda 17:30,,2026-08-18,
SIC-ID-2328FB9DD131,CLUB,Croatia,,KLA ZAPRUĐE,Zagreb,Zagreb,Meštrovićev trg 16,ACTIVE,HSKLA - Hrvatski savez klubova liječenih alkoholičara,https://hskla.hr/o-nama/,HSKLA official directory,hr,utorak 17:30,,2026-08-18,
SIC-ID-44EC8E34C628,CLUB,Croatia,,KLA KATARINA,Zagreb,Sesvete,Ninska 10,ACTIVE,HSKLA - Hrvatski savez klubova liječenih alkoholičara,https://hskla.hr/o-nama/,HSKLA official directory,hr,srijeda 15:30,,2026-08-18,
SIC-ID-665CF7CDB3E8,CLUB,Croatia,,KLA NOVO BRESTJE,Zagreb,Sesvete,Ul. ljubičica 33,ACTIVE,HSKLA - Hrvatski savez klubova liječenih alkoholičara,https://hskla.hr/o-nama/,HSKLA official directory,hr,ponedjeljak 17:30,,2026-08-18,
SIC-ID-AEE53F8837E4,CLUB,Croatia,,KLA OPSTANAK SESVETE,Zagreb,Sesvete,Ninska 10,ACTIVE,HSKLA - Hrvatski savez klubova liječenih alkoholičara,https://hskla.hr/o-nama/,HSKLA official directory,hr,srijeda 17:00,,2026-08-18,
SIC-ID-BEA30F7AAF97,CLUB,Croatia,,KLA SESVETE NADA,Zagreb,Sesvete,Ninska 10,ACTIVE,HSKLA - Hrvatski savez klubova liječenih alkoholičara,https://hskla.hr/o-nama/,HSKLA official directory,hr,srijeda 17:00,,2026-08-18,
SIC-ID-6F5C1233C631,CLUB,Croatia,,KLA SESVETE CENTAR,Zagreb,Sesvete,Ninska 10,ACTIVE,HSKLA - Hrvatski savez klubova liječenih alkoholičara,https://hskla.hr/o-nama/,HSKLA official directory,hr,srijeda 15:30,,2026-08-18,
SIC-ID-8A75ED33C213,CLUB,Croatia,,KLA AUGUST ŠENOA,Zagrebačka,Velika Gorica,M. Slatinskog 4,ACTIVE,HSKLA - Hrvatski savez klubova liječenih alkoholičara,https://hskla.hr/o-nama/,HSKLA official directory,hr,utorak 17:00,,2026-08-18,
SIC-ID-5A8F22040344,CLUB,Croatia,,KLA MARKO OREŠKOVIĆ,Zagrebačka,Velika Gorica,M. Slatinskog 4,ACTIVE,HSKLA - Hrvatski savez klubova liječenih alkoholičara,https://hskla.hr/o-nama/,HSKLA official directory,hr,ponedjeljak 17:00,,2026-08-18,
SIC-ID-630EF2B045A9,CLUB,Croatia,,KLA Prof.dr. BRANKO LANG,Zagrebačka,Velika Gorica,M. Slatinskog 4,ACTIVE,HSKLA - Hrvatski savez klubova liječenih alkoholičara,https://hskla.hr/o-nama/,HSKLA official directory,hr,srijeda 19:00,,2026-08-18,
SIC-ID-1A9BF62E93AA,CLUB,Croatia,,KLA VLADIMIR NAZOR,Zagrebačka,Velika Gorica,M. Slatinskog 4,ACTIVE,HSKLA - Hrvatski savez klubova liječenih alkoholičara,https://hskla.hr/o-nama/,HSKLA official directory,hr,četvrtak 17:30,,2026-08-18,
SIC-ID-39A15ABAF7BA,CLUB,Croatia,,KLA ZAPREŠIĆ,Zagrebačka,Zaprešić,Online (Skype),ACTIVE,HSKLA - Hrvatski savez klubova liječenih alkoholičara,https://hskla.hr/o-nama/,HSKLA official directory,hr,utorak 17:00,,2026-08-18,
SIC-ID-D65C743AD98A,CLUB,Croatia,,KLA ZAPREŠIĆ-SJEVER,Zagrebačka,Zaprešić,Antuna Mihanovića 43,ACTIVE,HSKLA - Hrvatski savez klubova liječenih alkoholičara,https://hskla.hr/o-nama/,HSKLA official directory,hr,utorak 16:00,,2026-08-18,
SIC-ID-76BD36D58A8F,CLUB,Croatia,,KLA KARLOVAC,Karlovačka,Karlovac,"A. Štampara 1, Opća bolnica",ACTIVE,HSKLA - Hrvatski savez klubova liječenih alkoholičara,https://hskla.hr/o-nama/,HSKLA official directory,hr,uto/sri/čet 18:00,,2026-08-18,
SIC-ID-F969C2D252C7,CLUB,Croatia,,KLA IMOTSKI,Splitsko-dalmatinska,Imotski,"A. Starčevića 7, Dom zdravlja",ACTIVE,HSKLA - Hrvatski savez klubova liječenih alkoholičara,https://hskla.hr/o-nama/,HSKLA official directory,hr,petak 17:00,,2026-08-18,
SIC-ID-423DA3B54248,CLUB,Croatia,,KLA MAKARSKA,Splitsko-dalmatinska,Makarska,"Stjepana Ivičevića 4, Dom zdravlja",ACTIVE,HSKLA - Hrvatski savez klubova liječenih alkoholičara,https://hskla.hr/o-nama/,HSKLA official directory,hr,srijeda 16:30,,2026-08-18,
SIC-ID-9006E2602CFD,CLUB,Croatia,,KLA SINJ,Splitsko-dalmatinska,Sinj,Petrovac 2,ACTIVE,HSKLA - Hrvatski savez klubova liječenih alkoholičara,https://hskla.hr/o-nama/,HSKLA official directory,hr,ponedjeljak 16:00,,2026-08-18,
SIC-ID-B068886665D1,CLUB,Croatia,,KLA SOLIN,Splitsko-dalmatinska,Solin,Solinske mladeži 17,ACTIVE,HSKLA - Hrvatski savez klubova liječenih alkoholičara,https://hskla.hr/o-nama/,HSKLA official directory,hr,utorak 18:00,,2026-08-18,
SIC-ID-CE018387429E,CLUB,Croatia,,KLA FENIKS,Splitsko-dalmatinska,Split,Gundulićeva 25,ACTIVE,HSKLA - Hrvatski savez klubova liječenih alkoholičara,https://hskla.hr/o-nama/,HSKLA official directory,hr,utorak 16:00,,2026-08-18,
SIC-ID-9B019DCA4718,CLUB,Croatia,,KLA IZBOR,Splitsko-dalmatinska,Split,Doverska 17,ACTIVE,HSKLA - Hrvatski savez klubova liječenih alkoholičara,https://hskla.hr/o-nama/,HSKLA official directory,hr,sri 19:00 / čet 18:00,,2026-08-18,
SIC-ID-3FB7CB1FE23E,CLUB,Croatia,,KLA STIJEPO BOTTERI,Splitsko-dalmatinska,Split,A.G. Matoša 2,ACTIVE,HSKLA - Hrvatski savez klubova liječenih alkoholičara,https://hskla.hr/o-nama/,HSKLA official directory,hr,utorak 16:00,,2026-08-18,
SIC-ID-60A4C8851017,CLUB,Croatia,,KLA LUČAC-MANUŠ,Splitsko-dalmatinska,Split,Omiška 14,ACTIVE,HSKLA - Hrvatski savez klubova liječenih alkoholičara,https://hskla.hr/o-nama/,HSKLA official directory,hr,utorak 16:00,,2026-08-18,
SIC-ID-21D5D6AA6D9C,CLUB,Croatia,,KLA NESLANOVAC,Splitsko-dalmatinska,Split,Sarajevska 30,ACTIVE,HSKLA - Hrvatski savez klubova liječenih alkoholičara,https://hskla.hr/o-nama/,HSKLA official directory,hr,srijeda 16:00,,2026-08-18,
SIC-ID-C0906EA2CCB5,CLUB,Croatia,,KLA SPINUT,Splitsko-dalmatinska,Split,A.G. Matoša 29,ACTIVE,HSKLA - Hrvatski savez klubova liječenih alkoholičara,https://hskla.hr/o-nama/,HSKLA official directory,hr,srijeda 16:00,,2026-08-18,
SIC-ID-57C47F252BE3,CLUB,Croatia,,KLA VRGORAC,Splitsko-dalmatinska,Vrgorac,Tina Ujevića 8,ACTIVE,HSKLA - Hrvatski savez klubova liječenih alkoholičara,https://hskla.hr/o-nama/,HSKLA official directory,hr,,,2026-08-18,
SIC-ID-D705BEE2803D,CLUB,Croatia,,KLA ŽIVOT BRAČ,Splitsko-dalmatinska,Postira,Polježice 6,ACTIVE,HSKLA - Hrvatski savez klubova liječenih alkoholičara,https://hskla.hr/o-nama/,HSKLA official directory,hr,ponedjeljak 14:00,,2026-08-18,
SIC-ID-BEBFD8A5A10B,CLUB,Croatia,,KLA KLICA,Šibensko-kninska,Šibenik,Jurja Barakovića 2,ACTIVE,HSKLA - Hrvatski savez klubova liječenih alkoholičara,https://hskla.hr/o-nama/,HSKLA official directory,hr,ponedjeljak 19:15,,2026-08-18,
SIC-ID-4315CDE77AC5,CLUB,Croatia,,KLA DUBROVNIK,Dubrovačko-neretvanska,Dubrovnik,Josipa Kosora 4,ACTIVE,HSKLA - Hrvatski savez klubova liječenih alkoholičara,https://hskla.hr/o-nama/,HSKLA official directory,hr,pon/sri 18:00,,2026-08-18,
SIC-ID-9BED998241F7,CLUB,Croatia,,KLA SIDRO,Dubrovačko-neretvanska,Metković,Kralja Zvonimira,ACTIVE,HSKLA - Hrvatski savez klubova liječenih alkoholičara,https://hskla.hr/o-nama/,HSKLA official directory,hr,,,2026-08-18,
SIC-ID-E2D610A05FD1,CLUB,Croatia,,KLA ZADAR,Zadarska,Zadar,MZ B. Jelačića 19,ACTIVE,HSKLA - Hrvatski savez klubova liječenih alkoholičara,https://hskla.hr/o-nama/,HSKLA official directory,hr,srijeda 18:00,,2026-08-18,
SIC-ID-E4CF084463A0,CLUB,Croatia,,KLA CENTAR,Koprivničko-križevačka,Koprivnica,Trg Tomislava dr. Bardeka 10/10,ACTIVE,HSKLA - Hrvatski savez klubova liječenih alkoholičara,https://hskla.hr/o-nama/,HSKLA official directory,hr,uto/sri 17:00,,2026-08-18,
SIC-ID-A3A5CF5B4BA2,CLUB,Croatia,,KLA PODRAVKA,Koprivničko-križevačka,Koprivnica,A. Starčevića 32,ACTIVE,HSKLA - Hrvatski savez klubova liječenih alkoholičara,https://hskla.hr/o-nama/,HSKLA official directory,hr,četvrtak 16:00,,2026-08-18,
SIC-ID-83F01B16294A,CLUB,Croatia,,KLA KRIŽEVCI,Koprivničko-križevačka,Križevci,Trg A. Nemčića 7,ACTIVE,HSKLA - Hrvatski savez klubova liječenih alkoholičara,https://hskla.hr/o-nama/,HSKLA official directory,hr,utorak 17:30,,2026-08-18,
SIC-ID-96F78252C233,CLUB,Croatia,,KLA SVETI IVAN ŽABNO,Koprivničko-križevačka,Sveti Ivan Žabno,Križevačka 2,ACTIVE,HSKLA - Hrvatski savez klubova liječenih alkoholičara,https://hskla.hr/o-nama/,HSKLA official directory,hr,ponedjeljak 18:00,,2026-08-18,
SIC-ID-8FE87F307CCA,CLUB,Croatia,,KLA BJELOVAR,Bjelovarsko-bilogorska,Bjelovar,S.S. Kranjčevića 4,ACTIVE,HSKLA - Hrvatski savez klubova liječenih alkoholičara,https://hskla.hr/o-nama/,HSKLA official directory,hr,utorak 17:00/18:00,,2026-08-18,
SIC-ID-709BC4672363,CLUB,Croatia,,KLA ČAZMA,Bjelovarsko-bilogorska,Čazma,Kralja Tomislava 16,ACTIVE,HSKLA - Hrvatski savez klubova liječenih alkoholičara,https://hskla.hr/o-nama/,HSKLA official directory,hr,srijeda 17:00,,2026-08-18,
SIC-ID-25188C4E60F6,CLUB,Croatia,,KLA GAREŠNICA,Bjelovarsko-bilogorska,Garešnica,Vladimira Nazora 13,ACTIVE,HSKLA - Hrvatski savez klubova liječenih alkoholičara,https://hskla.hr/o-nama/,HSKLA official directory,hr,utorak 15:00,,2026-08-18,
SIC-ID-8EA596E973FE,CLUB,Croatia,,KLA KUTINA,Sisačko-moslavačka,Kutina,Augusta Šenoe 2,ACTIVE,HSKLA - Hrvatski savez klubova liječenih alkoholičara,https://hskla.hr/o-nama/,HSKLA official directory,hr,srijeda 15:00,,2026-08-18,
SIC-ID-BA6B822167D3,CLUB,Croatia,,KLA NAFTAPLIN POPOVAČA,Sisačko-moslavačka,Popovača,Sisačka bb,ACTIVE,HSKLA - Hrvatski savez klubova liječenih alkoholičara,https://hskla.hr/o-nama/,HSKLA official directory,hr,ponedjeljak 15:30,,2026-08-18,
SIC-ID-098258AF303E,CLUB,Croatia,,OKLA SISAK,Sisačko-moslavačka,Sisak,"J.J. Strossmayera 59, Bolnica",ACTIVE,HSKLA - Hrvatski savez klubova liječenih alkoholičara,https://hskla.hr/o-nama/,HSKLA official directory,hr,pon 16:00 / sri 15:30,,2026-08-18,
SIC-ID-1F3DEC2943EE,CLUB,Croatia,,KLA JEZERA,Krapinsko-zagorska,Bedekovčina,Trg A. Starčevića 3/2,ACTIVE,HSKLA - Hrvatski savez klubova liječenih alkoholičara,https://hskla.hr/o-nama/,HSKLA official directory,hr,petak 19:30,,2026-08-18,
SIC-ID-0B6833ACC8B1,CLUB,Croatia,,KLA STUBICA,Krapinsko-zagorska,Donja Stubica,Toplička 5,ACTIVE,HSKLA - Hrvatski savez klubova liječenih alkoholičara,https://hskla.hr/o-nama/,HSKLA official directory,hr,srijeda 19:00,,2026-08-18,
SIC-ID-48C024B17737,CLUB,Croatia,,KLA VIDEŽ,Krapinsko-zagorska,Hum na Sutli,Hum na Sutli 175,ACTIVE,HSKLA - Hrvatski savez klubova liječenih alkoholičara,https://hskla.hr/o-nama/,HSKLA official directory,hr,ponedjeljak 14:00,,2026-08-18,
SIC-ID-F2D9AEECFB41,CLUB,Croatia,,KLA BISTRINA,Krapinsko-zagorska,Marija Bistrica,Kralja Tomislava 27,ACTIVE,HSKLA - Hrvatski savez klubova liječenih alkoholičara,https://hskla.hr/o-nama/,HSKLA official directory,hr,četvrtak 19:00,,2026-08-18,
SIC-ID-46247F77FF69,CLUB,Croatia,,KLA KUNAGORA,Krapinsko-zagorska,Pregrada,Kostelgradska 18,ACTIVE,HSKLA - Hrvatski savez klubova liječenih alkoholičara,https://hskla.hr/o-nama/,HSKLA official directory,hr,četvrtak 18:00,,2026-08-18,
SIC-ID-4C24D2D7D3F5,CLUB,Croatia,,KLA ZVIRANJEK,Krapinsko-zagorska,Mače,Mače 30,ACTIVE,HSKLA - Hrvatski savez klubova liječenih alkoholičara,https://hskla.hr/o-nama/,HSKLA official directory,hr,utorak 18:00/19:00,,2026-08-18,
SIC-ID-504F7F5D0A5F,CLUB,Croatia,,ULA KRAPINA,Krapinsko-zagorska,Krapina,M. Cerkvenca 1,ACTIVE,HSKLA - Hrvatski savez klubova liječenih alkoholičara,https://hskla.hr/o-nama/,HSKLA official directory,hr,srijeda 18:00,,2026-08-18,
SIC-ID-934E248E0933,CLUB,Croatia,,KLA KLANJEC,Krapinsko-zagorska,Klanjec,Lijepe Naše 22,ACTIVE,HSKLA - Hrvatski savez klubova liječenih alkoholičara,https://hskla.hr/o-nama/,HSKLA official directory,hr,srijeda 18:00,,2026-08-18,
SIC-ID-0BC26B943274,CLUB,Croatia,,KLA DR. MATO GOLUBIĆ,Međimurska,Čakovec,A. Schulteissa 19,ACTIVE,HSKLA - Hrvatski savez klubova liječenih alkoholičara,https://hskla.hr/o-nama/,HSKLA official directory,hr,subota 18:00/19:00,,2026-08-18,
SIC-ID-D4F4229FCE10,CLUB,Croatia,,KLA OSMIJEH,Međimurska,Donja Dubrava,Trg Republike 1,ACTIVE,HSKLA - Hrvatski savez klubova liječenih alkoholičara,https://hskla.hr/o-nama/,HSKLA official directory,hr,utorak 18:00,,2026-08-18,
SIC-ID-01283B961E6F,CLUB,Croatia,,KLA POVRATAK,Međimurska,Mursko Središće,Trg Bana Jelačića 2,ACTIVE,HSKLA - Hrvatski savez klubova liječenih alkoholičara,https://hskla.hr/o-nama/,HSKLA official directory,hr,subota 19:00,,2026-08-18,
SIC-ID-84856BD77AAB,CLUB,Croatia,,KLA PRELOG,Međimurska,Prelog,Glavna 33,ACTIVE,HSKLA - Hrvatski savez klubova liječenih alkoholičara,https://hskla.hr/o-nama/,HSKLA official directory,hr,četvrtak 19:30,,2026-08-18,
SIC-ID-4C3E254179A7,CLUB,Croatia,,KLA ZDRAV ŽIVOT,Međimurska,Sveta Marija,Trg bana Jelačića 1,ACTIVE,HSKLA - Hrvatski savez klubova liječenih alkoholičara,https://hskla.hr/o-nama/,HSKLA official directory,hr,petak 19:00,,2026-08-18,
SIC-ID-9CEFDF217BB7,CLUB,Croatia,,KLA OBITELJSKI KLUB,Varaždinska,Varaždin,Stepinčeva 1,ACTIVE,HSKLA - Hrvatski savez klubova liječenih alkoholičara,https://hskla.hr/o-nama/,HSKLA official directory,hr,ponedjeljak 18:00,,2026-08-18,
SIC-ID-7F2A9D7752C7,CLUB,Croatia,,UAA HRABROST,Varaždinska,Varaždin,Stepinčeva 1,ACTIVE,HSKLA - Hrvatski savez klubova liječenih alkoholičara,https://hskla.hr/o-nama/,HSKLA official directory,hr,četvrtak 19:30,,2026-08-18,
SIC-ID-533A45F6F140,CLUB,Croatia,,KLA SLATINA,Virovitičko-podravska,Slatina,B. Jelačića 33B,ACTIVE,HSKLA - Hrvatski savez klubova liječenih alkoholičara,https://hskla.hr/o-nama/,HSKLA official directory,hr,sri 15:30 / pet 08:30,,2026-08-18,
SIC-ID-5B0CF43EB4BE,CLUB,Croatia,,UKLA VIROVITICA,Virovitičko-podravska,Virovitica,Gajeva 21,ACTIVE,HSKLA - Hrvatski savez klubova liječenih alkoholičara,https://hskla.hr/o-nama/,HSKLA official directory,hr,uto 18:00 / sri 17:00,,2026-08-18,
SIC-ID-C78BDCCC6010,CLUB,Croatia,,KLA JASNI VIDICI,Brodsko-posavska,Oriovac,Kolodvorska bb,ACTIVE,HSKLA - Hrvatski savez klubova liječenih alkoholičara,https://hskla.hr/o-nama/,HSKLA official directory,hr,utorak 18:00,,2026-08-18,
SIC-ID-4B9C7CB4FB46,CLUB,Croatia,,KLA VINKOVCI,Vukovarsko-srijemska,Vinkovci,Kralja Zvonimira 64,ACTIVE,HSKLA - Hrvatski savez klubova liječenih alkoholičara,https://hskla.hr/o-nama/,HSKLA official directory,hr,četvrtak 17:00,,2026-08-18,
SIC-ID-1FF58560AD75,CLUB,Croatia,,KLA CIBALIA,Vukovarsko-srijemska,Vinkovci,Kralja Zvonimira 64,ACTIVE,HSKLA - Hrvatski savez klubova liječenih alkoholičara,https://hskla.hr/o-nama/,HSKLA official directory,hr,ponedjeljak 17:00,,2026-08-18,
SIC-ID-04E6004754FE,CLUB,Croatia,,KLA OSIJEK,Osječko-baranjska,Osijek,Srijemska 124 A,ACTIVE,HSKLA - Hrvatski savez klubova liječenih alkoholičara,https://hskla.hr/o-nama/,HSKLA official directory,hr,ponedjeljak 17:00,,2026-08-18,
SIC-ID-033BE2710EB5,CLUB,Croatia,,KLA DONJI GRAD,Osječko-baranjska,Osijek,Trg Bana Jelačića 25,ACTIVE,HSKLA - Hrvatski savez klubova liječenih alkoholičara,https://hskla.hr/o-nama/,HSKLA official directory,hr,utorak 17:00,,2026-08-18,
SIC-ID-40EF43DD3C9A,CLUB,Croatia,,KLA RETFALA,Osječko-baranjska,Osijek,J.J. Strossmayera 200,ACTIVE,HSKLA - Hrvatski savez klubova liječenih alkoholičara,https://hskla.hr/o-nama/,HSKLA official directory,hr,utorak 17:00,,2026-08-18,
SIC-ID-58EF2808DE4A,CLUB,Croatia,,KLA TVRĐA,Osječko-baranjska,Osijek,Vijenac Ivana Meštrovića 26f,ACTIVE,HSKLA - Hrvatski savez klubova liječenih alkoholičara,https://hskla.hr/o-nama/,HSKLA official directory,hr,,,2026-08-18,
SIC-ID-05D8A099B83B,CLUB,Croatia,,ULA VALPOVŠTINA,Osječko-baranjska,Valpovo,Kralja P. Krešimira IV 6b,ACTIVE,HSKLA - Hrvatski savez klubova liječenih alkoholičara,https://hskla.hr/o-nama/,HSKLA official directory,hr,četvrtak 14:00,,2026-08-18,
SIC-ID-C0A65020DA8D,CLUB,Croatia,,KLA POŽEGA,Požeško-slavonska,Požega,Lermanova 4,ACTIVE,HSKLA - Hrvatski savez klubova liječenih alkoholičara,https://hskla.hr/o-nama/,HSKLA official directory,hr,nedjelja 18:00,,2026-08-18,
SIC-ID-695EB1B59771,CLUB,Croatia,,KLA BUZET,Istarska,Buzet,II. Istarske brigade 11,ACTIVE,HSKLA - Hrvatski savez klubova liječenih alkoholičara,https://hskla.hr/o-nama/,HSKLA official directory,hr,ponedjeljak 18:00,,2026-08-18,
SIC-ID-9A8F07308A68,CLUB,Croatia,,KLA CENTAR LABIN,Istarska,Labin,Zelenice 34,ACTIVE,HSKLA - Hrvatski savez klubova liječenih alkoholičara,https://hskla.hr/o-nama/,HSKLA official directory,hr,utorak 16:00,,2026-08-18,
SIC-ID-D7D569AB34BB,CLUB,Croatia,,KLA PAZIN,Istarska,Pazin,Prolaz Otokara Keršovanija 2,ACTIVE,HSKLA - Hrvatski savez klubova liječenih alkoholičara,https://hskla.hr/o-nama/,HSKLA official directory,hr,ponedjeljak 17:00,,2026-08-18,
SIC-ID-C410FAC71FED,CLUB,Croatia,,KLA POREČ,Istarska,Poreč,Dr. Mauro Gioseffi 2b,ACTIVE,HSKLA - Hrvatski savez klubova liječenih alkoholičara,https://hskla.hr/o-nama/,HSKLA official directory,hr,sri/čet 16:00,,2026-08-18,
SIC-ID-ADB9293A93C2,CLUB,Croatia,,KLA PULA,Istarska,Pula,Dubrovačke bratovštine 14,ACTIVE,HSKLA - Hrvatski savez klubova liječenih alkoholičara,https://hskla.hr/o-nama/,HSKLA official directory,hr,utorak 18:00/19:00,,2026-08-18,
SIC-ID-9FCF2072A7BA,CLUB,Croatia,,KLA STVARANJE,Istarska,Pula,Zagrebačka 30,ACTIVE,HSKLA - Hrvatski savez klubova liječenih alkoholičara,https://hskla.hr/o-nama/,HSKLA official directory,hr,utorak 17:00/18:30,,2026-08-18,
SIC-ID-F1107E1924FB,CLUB,Croatia,,KLA CRES,Primorsko-goranska,Cres,Jadranska obala 37,ACTIVE,HSKLA - Hrvatski savez klubova liječenih alkoholičara,https://hskla.hr/o-nama/,HSKLA official directory,hr,,,2026-08-18,
SIC-ID-43B22317FAA1,CLUB,Croatia,,KLA DUBRAČINA,Primorsko-goranska,Crikvenica,Emila Antića 20,ACTIVE,HSKLA - Hrvatski savez klubova liječenih alkoholičara,https://hskla.hr/o-nama/,HSKLA official directory,hr,srijeda 19:00,,2026-08-18,
SIC-ID-E27B648B77CE,CLUB,Croatia,,KLA DELNICE,Primorsko-goranska,Delnice,Šet. I.G. Kovačića bb DZ,ACTIVE,HSKLA - Hrvatski savez klubova liječenih alkoholičara,https://hskla.hr/o-nama/,HSKLA official directory,hr,srijeda 18:00,,2026-08-18,
SIC-ID-D6AA450F176D,CLUB,Croatia,,KLA GROMAČE,Primorsko-goranska,Krk,Dubrovačka 13,ACTIVE,HSKLA - Hrvatski savez klubova liječenih alkoholičara,https://hskla.hr/o-nama/,HSKLA official directory,hr,srijeda,,2026-08-18,
SIC-ID-CB9A103091CE,CLUB,Croatia,,KLA BONACA,Primorsko-goranska,Mali Lošinj,Priko 69,ACTIVE,HSKLA - Hrvatski savez klubova liječenih alkoholičara,https://hskla.hr/o-nama/,HSKLA official directory,hr,srijeda 19:00,,2026-08-18,
SIC-ID-BFF4C4FA9F33,CLUB,Croatia,,KLA MATULJI,Primorsko-goranska,Matulji,Trg M. Tita 11,ACTIVE,HSKLA - Hrvatski savez klubova liječenih alkoholičara,https://hskla.hr/o-nama/,HSKLA official directory,hr,ponedjeljak 18:00,,2026-08-18,
SIC-ID-987532BA52D2,CLUB,Croatia,,KLA OPATIJA,Primorsko-goranska,Opatija,Štengerova 34,ACTIVE,HSKLA - Hrvatski savez klubova liječenih alkoholičara,https://hskla.hr/o-nama/,HSKLA official directory,hr,ponedjeljak 17:00,,2026-08-18,
SIC-ID-C7E5E179D8DB,CLUB,Croatia,,KLA RAB,Primorsko-goranska,Rab,"Kampor 224, Psihijatrijska bolnica Rab",ACTIVE,HSKLA - Hrvatski savez klubova liječenih alkoholičara,https://hskla.hr/o-nama/,HSKLA official directory,hr,ponedjeljak 18:00,,2026-08-18,
SIC-ID-52620EE45025,CLUB,Croatia,,KLA NOVI ŽIVOT,Primorsko-goranska,Rijeka,Verdijeva 6,ACTIVE,HSKLA - Hrvatski savez klubova liječenih alkoholičara,https://hskla.hr/o-nama/,HSKLA official directory,hr,pon/uto,,2026-08-18,
SIC-ID-69DEBD152ADC,CLUB,Croatia,,KLA SVETI MATEJ,Primorsko-goranska,Viškovo,"Sroki, Kulići 2",ACTIVE,HSKLA - Hrvatski savez klubova liječenih alkoholičara,https://hskla.hr/o-nama/,HSKLA official directory,hr,četvrtak 19:00,,2026-08-18,
SIC-ID-C60DBF6AA784,CLUB,Croatia,,KLA ZAMET 2,Primorsko-goranska,Rijeka,Braće Monjac 5,ACTIVE,HSKLA - Hrvatski savez klubova liječenih alkoholičara,https://hskla.hr/o-nama/,HSKLA official directory,hr,,,2026-08-18,
SIC-ID-AE1B5290566F,CLUB,Croatia,,KLA ZAMET,Primorsko-goranska,Rijeka,Braće Monjac 5,ACTIVE,HSKLA - Hrvatski savez klubova liječenih alkoholičara,https://hskla.hr/o-nama/,HSKLA official directory,hr,,,2026-08-18,
SIC-ID-A637CEA35102,CLUB,Croatia,,KLA CENTAR RIJEKA,Primorsko-goranska,Rijeka,Krešimirova 8/II,ACTIVE,HSKLA - Hrvatski savez klubova liječenih alkoholičara,https://hskla.hr/o-nama/,HSKLA official directory,hr,četvrtak 17:00,,2026-08-18,
SIC-ID-9F54CA52EB1C,CLUB,Croatia,,KLA BURA,Ličko-senjska,Senj,Stara cesta 43,ACTIVE,HSKLA - Hrvatski savez klubova liječenih alkoholičara,https://hskla.hr/o-nama/,HSKLA official directory,hr,,,2026-08-18,
SIC-ID-56A3D733B2ED,CLUB,Croatia,,KLA GOSPIĆ,Ličko-senjska,Gospić,Budačka 12,ACTIVE,HSKLA - Hrvatski savez klubova liječenih alkoholičara,https://hskla.hr/o-nama/,HSKLA official directory,hr,,,2026-08-18,
SIC-ID-4EACC9778DAF,CLUB,Croatia,,KLA OTOČAC,Ličko-senjska,Otočac,Bana J. Jelačića 16,ACTIVE,HSKLA - Hrvatski savez klubova liječenih alkoholičara,https://hskla.hr/o-nama/,HSKLA official directory,hr,,,2026-08-18,
SIC-ID-B6B7B02314A7,NATIONAL,Serbia,,Zajednica klubova lečenih alkoholičara Srbije,,,,VERIFIED_PUBLIC_CURRENT,,https://zklas.org/,ZKLAS public,sr,,,2026-08-18,
SIC-ID-8B54882295BF,CLUB,Serbia,,Socio-psihoterapijski KLA Dunav,,Novi Sad,"Seljačkih buna 85, 21000 Novi Sad",VERIFIED_PUBLIC_CURRENT,Zajednica klubova lečenih alkoholičara Srbije,https://zklas.org/kontakt-podaci-zajednice-klubova/klubovi-zajednice/,ZKLAS public directory,sr,,darkojankovic1950@gmail.com; kladunav@zklas.org,2026-08-18,
SIC-ID-84DA1AA51D69,CLUB,Serbia,,Socioterapijski KLA Gornjačka,,Beograd,"Gornjačka 34, 11000 Beograd",VERIFIED_PUBLIC_CURRENT,Zajednica klubova lečenih alkoholičara Srbije,https://zklas.org/kontakt-podaci-zajednice-klubova/klubovi-zajednice/,ZKLAS public directory,sr,,klagornjacka@zklas.org,2026-08-18,
SIC-ID-E390944B0103,CLUB,Serbia,,KLA Grbavica,,Novi Sad,"Seljačkih buna 85, 21000 Novi Sad",VERIFIED_PUBLIC_CURRENT,Zajednica klubova lečenih alkoholičara Srbije,https://zklas.org/kontakt-podaci-zajednice-klubova/klubovi-zajednice/,ZKLAS public directory,sr,,klagrbavica@zklas.org,2026-08-18,
SIC-ID-6F23E8059C7E,CLUB,Serbia,,KLA Lav,,Valjevo,"Sinđelićeva 60, 14000 Valjevo",VERIFIED_PUBLIC_CURRENT,Zajednica klubova lečenih alkoholičara Srbije,https://zklas.org/kontakt-podaci-zajednice-klubova/klubovi-zajednice/,ZKLAS public directory,sr,,klalav@zklas.org,2026-08-18,
SIC-ID-84F07D1AC44D,CLUB,Serbia,,Klub apstinenata Mladost,,Novi Sad,"Seljačkih buna 85, 21000 Novi Sad",VERIFIED_PUBLIC_CURRENT,Zajednica klubova lečenih alkoholičara Srbije,https://zklas.org/kontakt-podaci-zajednice-klubova/klubovi-zajednice/,ZKLAS public directory,sr,,klamladost@zklas.org,2026-08-18,
SIC-ID-625A3836AFC0,CLUB,Serbia,,Porodični klub Paunova,,Beograd,"Kneginje Zorke 15, 11000 Beograd",VERIFIED_PUBLIC_CURRENT,Zajednica klubova lečenih alkoholičara Srbije,https://zklas.org/kontakt-podaci-zajednice-klubova/klubovi-zajednice/,ZKLAS public directory,sr,,klapaunova@zklas.org,2026-08-18,
SIC-ID-9905824647B1,CLUB,Serbia,,KLA Skela,,Beograd,"Višegradska 26, 11000 Beograd",VERIFIED_PUBLIC_CURRENT,Zajednica klubova lečenih alkoholičara Srbije,https://zklas.org/kontakt-podaci-zajednice-klubova/klubovi-zajednice/,ZKLAS public directory,sr,,klaskela@zklas.org,2026-08-18,
SIC-ID-4F6E7A461152,CLUB,Serbia,,Društvo apstinenata Sombor,,Sombor,"Apatinski put 38, 25000 Sombor",VERIFIED_PUBLIC_CURRENT,Zajednica klubova lečenih alkoholičara Srbije,https://zklas.org/kontakt-podaci-zajednice-klubova/klubovi-zajednice/,ZKLAS public directory,sr,,dasombor@zklas.org,2026-08-18,
SIC-ID-587246663274,CLUB,Serbia,,Socioterapijski KLA VMA,,Beograd,"Crnotravska 17, 11000 Beograd",VERIFIED_PUBLIC_CURRENT,Zajednica klubova lečenih alkoholičara Srbije,https://zklas.org/kontakt-podaci-zajednice-klubova/klubovi-zajednice/,ZKLAS public directory,sr,,klavma@zklas.org,2026-08-18,
SIC-ID-F5FF2BA29592,CLUB,Serbia,,KLA Vršačka kula,,Vršac,Stevana Nemanje 43,VERIFIED_PUBLIC_CURRENT,Zajednica klubova lečenih alkoholičara Srbije,https://zklas.org/kontakt-podaci-zajednice-klubova/klubovi-zajednice/,ZKLAS public directory,sr,,klavrsackakula@zklas.org,2026-08-18,
SIC-ID-3AB1EC2F2E7A,CLUB,Serbia,,Socioterapijski porodični klub Palmotićeva,,Beograd,"Milana Kašanina 3, 11000 Beograd",VERIFIED_PUBLIC_CURRENT,Zajednica klubova lečenih alkoholičara Srbije,https://zklas.org/kontakt-podaci-zajednice-klubova/klubovi-zajednice/,ZKLAS public directory,sr,,,2026-08-18,
SIC-ID-7C9DB6328A7A,TERRITORIAL,Bosnia and Herzegovina,,Zajednica KLA Hercegovačko-neretvanske županije Dr. Vladimira Hudolina,,Mostar,,PUBLIC_HISTORICAL_DIRECTORY_NEEDS_CURRENT_RECHECK,,https://www.moravek.org/kla/53-adres.html,Public KLA directory,hr,,,2026-08-18,
SIC-ID-EF4070C564E8,CLUB,Bosnia and Herzegovina,,"KLA ""Rondo"" Mostar",,Mostar,,HISTORICAL_PUBLIC_NEEDS_CURRENT_RECHECK,Zajednica KLA Hercegovačko-neretvanske županije Dr. Vladimira Hudolina,https://www.moravek.org/kla/53-adres.html,Public historical KLA directory,hr,utorak 19:00,,2026-08-18,
SIC-ID-D82620D614C2,CLUB,Bosnia and Herzegovina,,"KLA ""Balinovac"" Mostar",,Mostar,,HISTORICAL_PUBLIC_NEEDS_CURRENT_RECHECK,Zajednica KLA Hercegovačko-neretvanske županije Dr. Vladimira Hudolina,https://www.moravek.org/kla/53-adres.html,Public historical KLA directory,hr,srijeda 19:00,,2026-08-18,
SIC-ID-887FECFCAAB4,CLUB,Bosnia and Herzegovina,,KLA Međugorje,,Međugorje,,HISTORICAL_PUBLIC_NEEDS_CURRENT_RECHECK,Zajednica KLA Hercegovačko-neretvanske županije Dr. Vladimira Hudolina,https://www.moravek.org/kla/53-adres.html,Public historical KLA directory,hr,ponedjeljak 19:00,,2026-08-18,
SIC-ID-D38CA7C83EE4,CLUB,Bosnia and Herzegovina,,KLA Široki Brijeg,,Široki Brijeg,,HISTORICAL_PUBLIC_NEEDS_CURRENT_RECHECK,Zajednica KLA Hercegovačko-neretvanske županije Dr. Vladimira Hudolina,https://www.moravek.org/kla/53-adres.html,Public historical KLA directory,hr,,,2026-08-18,
SIC-ID-6C196F687491,TERRITORIAL,Bosnia and Herzegovina,,Zajednica klubova liječenih alkoholičara Dr Vladimir Hudolin,,Mostar,"Splitska 34, 88000 Mostar",PUBLIC_REGISTER_CURRENT,,https://www.akta.ba/Firma/zajednica-klubova-lijecenih-alkoholicara-dr-vladimir-hudolin-mostar/53451,Public business/association register,hr,,,2026-08-18,
SIC-ID-945C88EA5804,NATIONAL,Slovenia,,Zveza klubov zdravljenih alkoholikov Slovenije,,Tolmin,"Prešernova 6a, p.p. 19, 5220 Tolmin",VERIFIED_PUBLIC_CURRENT,,https://zvezakza.si/kontakt/,Official federation site,sl,,info@zvezakza.si; +386 31 479 296,2026-08-18,
SIC-ID-BB7011C5B12E,CLUB,Slovenia,,KZA Cerknica,,Cerknica,"Partizanska cesta 2a, 1380 Cerknica",VERIFIED_PUBLIC_DIRECTORY,Zveza klubov zdravljenih alkoholikov Slovenije,https://brezalkohola.si/drustva_klubi_ustanove/,Slovenian public addiction network directory,sl,,068 158 165,2026-08-18,
SIC-ID-A40FD136805A,CLUB,Slovenia,,KZA Idrija,,Idrija,"Pot sv. Antona 49, 5280 Idrija",VERIFIED_PUBLIC_DIRECTORY,Zveza klubov zdravljenih alkoholikov Slovenije,https://brezalkohola.si/drustva_klubi_ustanove/,Slovenian public addiction network directory,sl,,040 283 808,2026-08-18,
SIC-ID-2B1FD5BE4042,CLUB,Slovenia,,KZA Koper,,Koper,"p.p. 395, Koper",VERIFIED_PUBLIC_DIRECTORY,Zveza klubov zdravljenih alkoholikov Slovenije,https://brezalkohola.si/drustva_klubi_ustanove/,Slovenian public addiction network directory,sl,,051 314 133,2026-08-18,
SIC-ID-6EF093ABC154,CLUB,Slovenia,,KZA Logatec,,Logatec,"Notranjska c. 2, p.p. 6, 1370 Logatec",VERIFIED_PUBLIC_DIRECTORY,Zveza klubov zdravljenih alkoholikov Slovenije,https://brezalkohola.si/drustva_klubi_ustanove/,Slovenian public addiction network directory,sl,,041 419 079,2026-08-18,
SIC-ID-3E5787D8AA2E,CLUB,Slovenia,,KZA Tolmin,,Tolmin,"Prešernova 6a, p.p.19, 5220 Tolmin",VERIFIED_PUBLIC_DIRECTORY,Zveza klubov zdravljenih alkoholikov Slovenije,https://brezalkohola.si/drustva_klubi_ustanove/,Slovenian public addiction network directory,sl,,031 479 296,2026-08-18,
SIC-ID-01EDB42E51FD,CLUB,Slovenia,,DZA Vrhnika,,Vrhnika,"Raskovec 21, 1360 Vrhnika",VERIFIED_PUBLIC_DIRECTORY,Zveza klubov zdravljenih alkoholikov Slovenije,https://brezalkohola.si/drustva_klubi_ustanove/,Slovenian public addiction network directory,sl,,041 229 142; 031 251 642,2026-08-18,
SIC-ID-FE8FEFDFE27B,CLUB,Slovenia,,Društvo zdravljenih alkoholikov Ajdovščina-Vipava,,Ajdovščina,"Tovarniška 3, 5370 Ajdovščina",VERIFIED_PUBLIC_DIRECTORY,Zveza klubov zdravljenih alkoholikov Slovenije,https://brezalkohola.si/drustva_klubi_ustanove/,Slovenian public addiction network directory,sl,,051 337 347,2026-08-18,
SIC-ID-BA1E97B8092E,NATIONAL,Italy,,AICAT - Associazione Italiana dei Club Alcologici Territoriali,Italia,Udine / Padova,"Sede legale: Via Chisimaio 40, Udine; sede operativa: Via Cave 178, Padova",VERIFIED_OFFICIAL_CURRENT,,https://aicat.net/index.php?page=contatti,AICAT ufficiale,it,,366 3625248; segreteria@aicat.net,2026-08-18,ODV; struttura nazionale di riferimento
SIC-ID-A4A209364C34,REGIONAL,Italy,,ARCAT Abruzzo,Abruzzo,Avezzano,Via Pio XII 30,VERIFIED_OFFICIAL_CURRENT,AICAT - Associazione Italiana dei Club Alcologici Territoriali,https://aicat.net/index.php?page=contatti,AICAT ufficiale,it,,320 8805222; katiusciatuzi@yahoo.it,2026-08-18,
SIC-ID-2A10970BE0FE,REGIONAL,Italy,,Alto Adige,Trentino-Alto Adige,,,OFFICIAL_LIST_CONTACT_MISSING,AICAT - Associazione Italiana dei Club Alcologici Territoriali,https://aicat.net/index.php?page=contatti,AICAT ufficiale,it,,,2026-08-18,
SIC-ID-E450E1AA7076,REGIONAL,Italy,,ARCAT Basilicata,Basilicata,Matera,Via Rosario Livatino 47a,VERIFIED_OFFICIAL_CURRENT,AICAT - Associazione Italiana dei Club Alcologici Territoriali,https://aicat.net/index.php?page=contatti,AICAT ufficiale,it,,329 8859203; miriello.umberto70@gmail.com,2026-08-18,
SIC-ID-04CC7B14FFEF,REGIONAL,Italy,,ARCAT Calabria ODV,Calabria,Cosenza,Via Macchiabella 58,VERIFIED_OFFICIAL_CURRENT,AICAT - Associazione Italiana dei Club Alcologici Territoriali,https://aicat.net/index.php?page=contatti,AICAT ufficiale,it,,0984 1865040; arcatcalabriaodv@gmail.com,2026-08-18,
SIC-ID-58186CF0FF84,REGIONAL,Italy,,ARCAT Campania,Campania,Salerno,Via M. Pironti 14,VERIFIED_OFFICIAL_CURRENT,AICAT - Associazione Italiana dei Club Alcologici Territoriali,https://aicat.net/index.php?page=contatti,AICAT ufficiale,it,,375 5056720; arcatcampania@gmail.com,2026-08-18,
SIC-ID-E01307C6A9B8,REGIONAL,Italy,,ARCAT Emilia Romagna ODV,Emilia-Romagna,Mercato Saraceno,Via Matilde Serao 11,VERIFIED_OFFICIAL_CURRENT,AICAT - Associazione Italiana dei Club Alcologici Territoriali,https://aicat.net/index.php?page=contatti,AICAT ufficiale,it,,346 2176182; arcatemiliaromagna92@gmail.com,2026-08-18,
SIC-ID-8E917F3905ED,REGIONAL,Italy,,ARCAT Friuli,Friuli-Venezia Giulia,,,OFFICIAL_LIST_CONTACT_MISSING,AICAT - Associazione Italiana dei Club Alcologici Territoriali,https://aicat.net/index.php?page=contatti,AICAT ufficiale,it,,,2026-08-18,
SIC-ID-95426BBB9E90,REGIONAL,Italy,,ARCAT Regione Lazio,Lazio,Aprilia,Via Carano 21,VERIFIED_OFFICIAL_CURRENT,AICAT - Associazione Italiana dei Club Alcologici Territoriali,https://aicat.net/index.php?page=contatti,AICAT ufficiale,it,,392 2766030; arcatregionelazio@gmail.com,2026-08-18,
SIC-ID-9280476EC951,REGIONAL,Italy,,ARCAT Liguria,Liguria,,,OFFICIAL_LIST_CONTACT_MISSING,AICAT - Associazione Italiana dei Club Alcologici Territoriali,https://aicat.net/index.php?page=contatti,AICAT ufficiale,it,,,2026-08-18,
SIC-ID-E6048DA33279,REGIONAL,Italy,,ARCAT Lombardia,Lombardia,Almenno San Bartolomeo,Via 4 Novembre 66,VERIFIED_OFFICIAL_CURRENT,AICAT - Associazione Italiana dei Club Alcologici Territoriali,https://aicat.net/index.php?page=contatti,AICAT ufficiale,it,,375 8876759; info@arcatlombardia.it,2026-08-18,
SIC-ID-EB8310D741FD,REGIONAL,Italy,,ARCAT Marche ETS-ODV,Marche,Campofilone,C.da Montecamauro 6,VERIFIED_OFFICIAL_CURRENT,AICAT - Associazione Italiana dei Club Alcologici Territoriali,https://aicat.net/index.php?page=contatti,AICAT ufficiale,it,,349 7656452; arcatmarche@libero.it,2026-08-18,
SIC-ID-4A06574B73E5,REGIONAL,Italy,,ARCAT Molise,Molise,Campobasso,Via Cirese snc,VERIFIED_OFFICIAL_CURRENT,AICAT - Associazione Italiana dei Club Alcologici Territoriali,https://aicat.net/index.php?page=contatti,AICAT ufficiale,it,,338 1614519; arcatmolise@libero.it,2026-08-18,
SIC-ID-D6B2D5D0A481,REGIONAL,Italy,,ARCAT Piemonte,Piemonte,Torino,Via Giolitti 21,VERIFIED_OFFICIAL_CURRENT,AICAT - Associazione Italiana dei Club Alcologici Territoriali,https://aicat.net/index.php?page=contatti,AICAT ufficiale,it,,348 7722812; segreteria.arcatpiemonte@gmail.com,2026-08-18,
SIC-ID-D2B57845A64B,REGIONAL,Italy,,ARCAT Puglia ODV,Puglia,Bari,Via Perrone 19,VERIFIED_OFFICIAL_CURRENT,AICAT - Associazione Italiana dei Club Alcologici Territoriali,https://aicat.net/index.php?page=contatti,AICAT ufficiale,it,,349 7431529; Infoarcatpuglia@gmail.com,2026-08-18,
SIC-ID-120FF7EB6104,REGIONAL,Italy,,ARCAT Sardegna,Sardegna,Nuoro,Via Oggiano 18,VERIFIED_OFFICIAL_CURRENT,AICAT - Associazione Italiana dei Club Alcologici Territoriali,https://aicat.net/index.php?page=contatti,AICAT ufficiale,it,,328 7378290; arcatsardegna@aicat.net,2026-08-18,
SIC-ID-2C3387D3B80A,REGIONAL,Italy,,ARCAT della Sicilia ODV,Sicilia,Caltanissetta,Via Xiboli 310,VERIFIED_OFFICIAL_CURRENT,AICAT - Associazione Italiana dei Club Alcologici Territoriali,https://aicat.net/index.php?page=contatti,AICAT ufficiale,it,,329 1521062; arcatdellasiciliaodv@gmail.com,2026-08-18,
SIC-ID-E677AD1A5830,REGIONAL,Italy,,ARCAT Toscana ODV,Toscana,Firenze,Viale G. Matteotti 25,VERIFIED_OFFICIAL_CURRENT,AICAT - Associazione Italiana dei Club Alcologici Territoriali,https://aicat.net/index.php?page=contatti,AICAT ufficiale,it,,348 9214600; segreteria@arcattoscana.it,2026-08-18,
SIC-ID-6A68064F60D0,REGIONAL,Italy,,APCAT Trentino ODV,Trentino-Alto Adige,Pergine Valsugana,Via Guglielmi 19,VERIFIED_OFFICIAL_CURRENT,AICAT - Associazione Italiana dei Club Alcologici Territoriali,https://aicat.net/index.php?page=contatti,AICAT ufficiale,it,,0461 914451; segreteria@apcattrentino-centrostudi.it,2026-08-18,
SIC-ID-8D2F8BADDC30,REGIONAL,Italy,,ARCAT Umbria / Club Famiglia,Umbria,Perugia,Via Cristoforo Colombo 9,VERIFIED_OFFICIAL_CURRENT,AICAT - Associazione Italiana dei Club Alcologici Territoriali,https://aicat.net/index.php?page=contatti,AICAT ufficiale,it,,340 8672029; matteucci.vale@gmail.com,2026-08-18,
SIC-ID-76269233F127,REGIONAL,Italy,,Valle d'Aosta,Valle d'Aosta,,,OFFICIAL_LIST_CONTACT_MISSING,AICAT - Associazione Italiana dei Club Alcologici Territoriali,https://aicat.net/index.php?page=contatti,AICAT ufficiale,it,,,2026-08-18,
SIC-ID-9BB6F95F8696,REGIONAL,Italy,,ARCAT Veneto ODV,Veneto,Trevignano,Via Tre Forni 16,VERIFIED_OFFICIAL_CURRENT,AICAT - Associazione Italiana dei Club Alcologici Territoriali,https://aicat.net/index.php?page=contatti,AICAT ufficiale,it,,0423 677168; segreteria@arcatveneto.it,2026-08-18,
SIC-ID-B388A2B279B4,PROVINCIAL,Italy,,APCAT Latina,Lazio,Latina,Via Feronia 8,VERIFIED_OFFICIAL_CURRENT,ARCAT Regione Lazio,https://aicat.net/index.php?page=contatti,AICAT ufficiale,it,,0773 661962; apcatlatinaodv@gmail.com,2026-08-18,
SIC-ID-7BEADE35333A,TERRITORIAL,Italy,,ACAT Sesto Campi Firenze,Toscana,Sesto Fiorentino / Campi Bisenzio,,VERIFIED_OFFICIAL_CURRENT,ARCAT Toscana ODV,https://www.arcattoscana.it/dove-sono-i-club-del-territorio/,ARCAT Toscana ufficiale,it,,347 1041089,2026-08-18,Contatto pubblicato: Simona
SIC-ID-662402122ED5,TERRITORIAL,Italy,,ACAT Empoli,Toscana,Empoli,,VERIFIED_OFFICIAL_CURRENT,ARCAT Toscana ODV,https://www.arcattoscana.it/dove-sono-i-club-del-territorio/,ARCAT Toscana ufficiale,it,,335 5421096,2026-08-18,Contatto pubblicato: Patrizia
SIC-ID-EBE71CCD0F2C,TERRITORIAL,Italy,,ACAT Follonica,Toscana,Follonica,,VERIFIED_OFFICIAL_CURRENT,ARCAT Toscana ODV,https://www.arcattoscana.it/dove-sono-i-club-del-territorio/,ARCAT Toscana ufficiale,it,,339 2554034,2026-08-18,Contatto pubblicato: Ilio
SIC-ID-31C2AFD508B5,TERRITORIAL,Italy,,ACAT Garfagnana,Toscana,Garfagnana,,VERIFIED_OFFICIAL_CURRENT,ARCAT Toscana ODV,https://www.arcattoscana.it/dove-sono-i-club-del-territorio/,ARCAT Toscana ufficiale,it,,335 5481095,2026-08-18,Contatto pubblicato: Franca
SIC-ID-C86AB2CEB807,TERRITORIAL,Italy,,ACAT Grosseto Green,Toscana,Grosseto,,VERIFIED_OFFICIAL_CURRENT,ARCAT Toscana ODV,https://www.arcattoscana.it/dove-sono-i-club-del-territorio/,ARCAT Toscana ufficiale,it,,349 1884621,2026-08-18,Contatto pubblicato: Simona
SIC-ID-3350FE786DF4,TERRITORIAL,Italy,,ACAT Grosseto Hudolin,Toscana,Grosseto,,VERIFIED_OFFICIAL_CURRENT,ARCAT Toscana ODV,https://www.arcattoscana.it/dove-sono-i-club-del-territorio/,ARCAT Toscana ufficiale,it,,328 5334010,2026-08-18,Contatto pubblicato: Patrizia
SIC-ID-F81B1CAF2E6C,TERRITORIAL,Italy,,ACAT Grosseto Nord,Toscana,Grosseto Nord,,VERIFIED_OFFICIAL_CURRENT,ARCAT Toscana ODV,https://www.arcattoscana.it/dove-sono-i-club-del-territorio/,ARCAT Toscana ufficiale,it,,328 6246905,2026-08-18,Contatto pubblicato: Ilio
SIC-ID-E7F10C5AABC1,TERRITORIAL,Italy,,ACAT Livorno,Toscana,Livorno,,VERIFIED_OFFICIAL_CURRENT,ARCAT Toscana ODV,https://www.arcattoscana.it/dove-sono-i-club-del-territorio/,ARCAT Toscana ufficiale,it,,351 2171326,2026-08-18,Contatto pubblicato: Salvatore
SIC-ID-DEDA4EF649EF,TERRITORIAL,Italy,,ACAT Lucca,Toscana,Lucca,,VERIFIED_OFFICIAL_CURRENT,ARCAT Toscana ODV,https://www.arcattoscana.it/dove-sono-i-club-del-territorio/,ARCAT Toscana ufficiale,it,,347 3359683,2026-08-18,Contatto pubblicato: Segreteria
SIC-ID-3EA4ADF76D2F,TERRITORIAL,Italy,,ACAT Massa Montignoso,Toscana,Massa / Montignoso,,VERIFIED_OFFICIAL_CURRENT,ARCAT Toscana ODV,https://www.arcattoscana.it/dove-sono-i-club-del-territorio/,ARCAT Toscana ufficiale,it,,339 4279137,2026-08-18,Contatto pubblicato: Maria
SIC-ID-D17B133FC428,TERRITORIAL,Italy,,ACAT Pistoiese,Toscana,Pistoia,,VERIFIED_OFFICIAL_CURRENT,ARCAT Toscana ODV,https://www.arcattoscana.it/dove-sono-i-club-del-territorio/,ARCAT Toscana ufficiale,it,,339 8188384,2026-08-18,Contatto pubblicato: Ilde
SIC-ID-1402B1FB6F2F,TERRITORIAL,Italy,,ACAT Pratese,Toscana,Prato,,VERIFIED_OFFICIAL_CURRENT,ARCAT Toscana ODV,https://www.arcattoscana.it/dove-sono-i-club-del-territorio/,ARCAT Toscana ufficiale,it,,338 2094460,2026-08-18,Contatto pubblicato: Agostino
SIC-ID-D3779D389688,TERRITORIAL,Italy,,ACAT Val di Cornia,Toscana,Val di Cornia,,VERIFIED_OFFICIAL_CURRENT,ARCAT Toscana ODV,https://www.arcattoscana.it/dove-sono-i-club-del-territorio/,ARCAT Toscana ufficiale,it,,333 2119635,2026-08-18,Contatto pubblicato: Antonio
SIC-ID-02CE7D3ED50C,TERRITORIAL,Italy,,ACAT Valdinievole,Toscana,Valdinievole,,VERIFIED_OFFICIAL_CURRENT,ARCAT Toscana ODV,https://www.arcattoscana.it/dove-sono-i-club-del-territorio/,ARCAT Toscana ufficiale,it,,393 8875648,2026-08-18,Contatto pubblicato: Sergio
SIC-ID-EB9F0E585B70,TERRITORIAL,Italy,,ACAT Versilia,Toscana,Versilia,,VERIFIED_OFFICIAL_CURRENT,ARCAT Toscana ODV,https://www.arcattoscana.it/dove-sono-i-club-del-territorio/,ARCAT Toscana ufficiale,it,,388 3740502,2026-08-18,Contatto pubblicato: Segreteria
SIC-ID-06CCCF1EBE28,TERRITORIAL,Italy,,ACAT Basso Polesine,Veneto,Taglio di Po,Viale Kennedy 63,VERIFIED_OFFICIAL_CURRENT,ARCAT Veneto ODV,https://www.acatbassopolesine.org/acat-basso-polesine,ACAT ufficiale,it,,328 8420028; acat.bassop@tiscali.it,2026-08-18,Sito indica anche Piazza Venezia 3 come sede ACAT per alcuni Club
SIC-ID-BD42DE095859,CLUB,Italy,,Club 566,Veneto,Taglio di Po,"Piazza Venezia 3, sede ACAT",VERIFIED_OFFICIAL_CURRENT,ACAT Basso Polesine,https://www.acatbassopolesine.org/acat-basso-polesine,ACAT ufficiale,it,,,2026-08-18,
SIC-ID-EB86B812E14F,CLUB,Italy,,Club 497 - Viola,Veneto,Porto Tolle,"Centro ""Un Ponte per"", Via Matteotti",VERIFIED_OFFICIAL_CURRENT,ACAT Basso Polesine,https://www.acatbassopolesine.org/acat-basso-polesine,ACAT ufficiale,it,,,2026-08-18,
SIC-ID-3D0BEDACCEEF,CLUB,Italy,,Club 348,Veneto,Taglio di Po,"Piazza Venezia 3, sede ACAT",VERIFIED_OFFICIAL_CURRENT,ACAT Basso Polesine,https://www.acatbassopolesine.org/acat-basso-polesine,ACAT ufficiale,it,,,2026-08-18,
SIC-ID-B80821339421,CLUB,Italy,,Club 498 - Baby Club,Veneto,Rosolina,"Centro Civico, Viale Marconi",VERIFIED_OFFICIAL_CURRENT,ACAT Basso Polesine,https://www.acatbassopolesine.org/acat-basso-polesine,ACAT ufficiale,it,,,2026-08-18,
SIC-ID-11E77DD06107,CLUB,Italy,,Club 315 - Luna,Veneto,Taglio di Po,"Piazza Venezia 3, sede ACAT",VERIFIED_OFFICIAL_CURRENT,ACAT Basso Polesine,https://www.acatbassopolesine.org/acat-basso-polesine,ACAT ufficiale,it,,,2026-08-18,
SIC-ID-4D7C872AC7C4,CLUB,Italy,,Club 590,Veneto,Adria,"Centro Anziani, Piazza Casellati",VERIFIED_OFFICIAL_CURRENT,ACAT Basso Polesine,https://www.acatbassopolesine.org/acat-basso-polesine,ACAT ufficiale,it,,,2026-08-18,
SIC-ID-8BAF038C2EBB,CLUB,Italy,,Club 628 - La Rivincita,Veneto,Porto Viro,"Centro Venos Sitta, Via Dante",VERIFIED_OFFICIAL_CURRENT,ACAT Basso Polesine,https://www.acatbassopolesine.org/acat-basso-polesine,ACAT ufficiale,it,,,2026-08-18,
SIC-ID-DE45D650EF10,CLUB,Italy,,Club 630 - La Rosa Bianca,Veneto,Adria,,VERIFIED_OFFICIAL_CURRENT,ACAT Basso Polesine,https://www.acatbassopolesine.org/acat-basso-polesine,ACAT ufficiale,it,,,2026-08-18,
SIC-ID-DE160C80A252,CLUB,Italy,,Club 637 - L'Aurora,Veneto,Pettorazza Grimani,"Biblioteca Comunale, Via Roma",VERIFIED_OFFICIAL_CURRENT,ACAT Basso Polesine,https://www.acatbassopolesine.org/acat-basso-polesine,ACAT ufficiale,it,,,2026-08-18,
SIC-ID-28840C24056D,CLUB,Italy,,Club 643 - Iris,Veneto,Porto Tolle,"Centro ""Un Ponte per"", Via Matteotti",VERIFIED_OFFICIAL_CURRENT,ACAT Basso Polesine,https://www.acatbassopolesine.org/acat-basso-polesine,ACAT ufficiale,it,,,2026-08-18,
SIC-ID-10F7910C678B,CLUB,Italy,,Club 644,Veneto,Corbola,"Pro Loco, Piazza Martiri",VERIFIED_OFFICIAL_CURRENT,ACAT Basso Polesine,https://www.acatbassopolesine.org/acat-basso-polesine,ACAT ufficiale,it,,,2026-08-18,
SIC-ID-D910685D42DD,CLUB,Italy,,Club 649 - Il Girasole,Veneto,Papozze,"Biblioteca Comunale, Piazza Municipio",VERIFIED_OFFICIAL_CURRENT,ACAT Basso Polesine,https://www.acatbassopolesine.org/acat-basso-polesine,ACAT ufficiale,it,,,2026-08-18,
SIC-ID-996B2F54D4A4,CLUB,Italy,,Club 496,Veneto,Porto Viro,"Centro Venos Sitta, Via Dante",VERIFIED_OFFICIAL_CURRENT,ACAT Basso Polesine,https://www.acatbassopolesine.org/acat-basso-polesine,ACAT ufficiale,it,,,2026-08-18,
SIC-ID-A00A8B3BD40D,TERRITORIAL,Italy,,ACAT Bergamo,Lombardia,Bergamo,"Via Borgo Palazzo 130, pad. 7/b",VERIFIED_OFFICIAL_CURRENT,ARCAT Lombardia,https://www.arcatlombardia.it/CAT_Bergamo.html,ARCAT Lombardia ufficiale,it,,349 6653262; acatbergamo7@gmail.com,2026-08-18,
SIC-ID-651CFC11B69F,TERRITORIAL,Italy,,ACAT Isola Bergamasca,Lombardia,Terno d'Isola,Via G. Bravi 16,VERIFIED_OFFICIAL_CURRENT,ARCAT Lombardia,https://www.arcatlombardia.it/CAT_Bergamo.html,ARCAT Lombardia ufficiale,it,,328 3071891; acatisolabergamasca@libero.it,2026-08-18,
SIC-ID-664D49F59AD7,TERRITORIAL,Italy,,ACAT Arcobaleno,Lombardia,Osio Sotto,Via Libertà 40,VERIFIED_OFFICIAL_CURRENT,ARCAT Lombardia,https://www.arcatlombardia.it/CAT_Bergamo.html,ARCAT Lombardia ufficiale,it,,351 8282923; acatarcobaleno@virgilio.it,2026-08-18,
SIC-ID-5D2E6FD67EE3,TERRITORIAL,Italy,,ACAT Curno,Lombardia,Curno,Via Edmondo De Amicis,VERIFIED_OFFICIAL_CURRENT,ARCAT Lombardia,https://www.arcatlombardia.it/CAT_Bergamo.html,ARCAT Lombardia ufficiale,it,,347 3478263; acatcurno@gmail.com,2026-08-18,
SIC-ID-84B4E0383BF9,TERRITORIAL,Italy,,ACAT Valle Seriana Superiore e Valle di Scalve,Lombardia,Clusone,,VERIFIED_OFFICIAL_CURRENT,ARCAT Lombardia,https://www.arcatlombardia.it/CAT_Bergamo.html,ARCAT Lombardia ufficiale,it,,333 7519188; acataltavalseriana@tiscali.it,2026-08-18,
SIC-ID-588D4B7456B7,TERRITORIAL,Italy,,ACAT Media Val Seriana,Lombardia,Albino,Via M.O. Briolini 2/f,VERIFIED_OFFICIAL_CURRENT,ARCAT Lombardia,https://www.arcatlombardia.it/CAT_Bergamo.html,ARCAT Lombardia ufficiale,it,,334 9808448; acatmediavalleseriana@gmail.com,2026-08-18,
SIC-ID-F027A083DD45,TERRITORIAL,Italy,,ACAT Parco dei Colli,Lombardia,Villa d'Almè,"Via Locatelli, Municipio",VERIFIED_OFFICIAL_CURRENT,ARCAT Lombardia,https://www.arcatlombardia.it/CAT_Bergamo.html,ARCAT Lombardia ufficiale,it,,340 2716420; acat.parcodeicolli@libero.it,2026-08-18,
SIC-ID-F7F45C35ADC1,TERRITORIAL,Italy,,ACAT Valcavallina Valcalepio,Lombardia,Chiuduno,"Largo Mons. Vistalli, c/o Parrocchia",VERIFIED_OFFICIAL_CURRENT,ARCAT Lombardia,https://www.arcatlombardia.it/CAT_Bergamo.html,ARCAT Lombardia ufficiale,it,,320 1525284; benaglimassimo@gmail.com,2026-08-18,
SIC-ID-07C3957DF79C,TERRITORIAL,Italy,,ACAT Alto Sebino,Lombardia,Costa Volpino,"Via Nazionale, Domus Civica",VERIFIED_OFFICIAL_CURRENT,ARCAT Lombardia,https://www.arcatlombardia.it/CAT_Bergamo.html,ARCAT Lombardia ufficiale,it,,335 6995822; bloren.g@alice.it,2026-08-18,
SIC-ID-A91E12F7C5F0,CLUB,Italy,,CAT Bergamo 4 - Loreto,Lombardia,Bergamo,"Via Loreto 5, Oratorio",VERIFIED_OFFICIAL_CURRENT,ARCAT Lombardia,https://www.arcatlombardia.it/CAT_Bergamo.html,ARCAT Lombardia ufficiale,it,Sabato 16:00,,2026-08-18,Parent ACAT ricostruibile dalla pagina sorgente; da normalizzare nella fase 2
SIC-ID-B14432F9E9BC,CLUB,Italy,,CAT Bergamo 6 - La Farfalla,Lombardia,Bergamo,"Via Biava 26, CTE Valtesse",VERIFIED_OFFICIAL_CURRENT,ARCAT Lombardia,https://www.arcatlombardia.it/CAT_Bergamo.html,ARCAT Lombardia ufficiale,it,Venerdì 20:30,,2026-08-18,Parent ACAT ricostruibile dalla pagina sorgente; da normalizzare nella fase 2
SIC-ID-4995E6799D0D,CLUB,Italy,,CAT Bergamo 7 - S. Caterina,Lombardia,Bergamo,Via Borgo Santa Caterina 16,VERIFIED_OFFICIAL_CURRENT,ARCAT Lombardia,https://www.arcatlombardia.it/CAT_Bergamo.html,ARCAT Lombardia ufficiale,it,Venerdì 20:30,,2026-08-18,Parent ACAT ricostruibile dalla pagina sorgente; da normalizzare nella fase 2
SIC-ID-06B534CB620A,CLUB,Italy,,CAT Bergamo 8 - Torre Boldone,Lombardia,Torre Boldone,"Piazza Mercato, Centro polivalente",VERIFIED_OFFICIAL_CURRENT,ARCAT Lombardia,https://www.arcatlombardia.it/CAT_Bergamo.html,ARCAT Lombardia ufficiale,it,Giovedì 20:30,,2026-08-18,Parent ACAT ricostruibile dalla pagina sorgente; da normalizzare nella fase 2
SIC-ID-A3163C2F7AA4,CLUB,Italy,,CAT Bergamo - Borgo Santa Caterina,Lombardia,Bergamo,Via Borgo Santa Caterina 16,VERIFIED_OFFICIAL_CURRENT,ARCAT Lombardia,https://www.arcatlombardia.it/CAT_Bergamo.html,ARCAT Lombardia ufficiale,it,Mercoledì 20:30,,2026-08-18,Parent ACAT ricostruibile dalla pagina sorgente; da normalizzare nella fase 2
SIC-ID-03A79B70A28C,CLUB,Italy,,CAT Bergamo Reti - Valtesse,Lombardia,Bergamo,"Via Biava 26, CTE Valtesse",VERIFIED_OFFICIAL_CURRENT,ARCAT Lombardia,https://www.arcatlombardia.it/CAT_Bergamo.html,ARCAT Lombardia ufficiale,it,Martedì 20:15,,2026-08-18,Parent ACAT ricostruibile dalla pagina sorgente; da normalizzare nella fase 2
SIC-ID-B76387180DFB,CLUB,Italy,,CAT Ponte S. Pietro,Lombardia,Ponte San Pietro,"Via Legionari di Polonia 5, Centro UFO",VERIFIED_OFFICIAL_CURRENT,ARCAT Lombardia,https://www.arcatlombardia.it/CAT_Bergamo.html,ARCAT Lombardia ufficiale,it,Mercoledì 20:30,,2026-08-18,Parent ACAT ricostruibile dalla pagina sorgente; da normalizzare nella fase 2
SIC-ID-DB494A0E5723,CLUB,Italy,,CAT Madone,Lombardia,Madone,"Via Patrioti 7, Casa delle Associazioni",VERIFIED_OFFICIAL_CURRENT,ARCAT Lombardia,https://www.arcatlombardia.it/CAT_Bergamo.html,ARCAT Lombardia ufficiale,it,Giovedì 20:30,,2026-08-18,Parent ACAT ricostruibile dalla pagina sorgente; da normalizzare nella fase 2
SIC-ID-C5292DD18129,CLUB,Italy,,CAT Terno d'Isola 1,Lombardia,Terno d'Isola,"Via G. Bravi 15, ex Scuole Elementari",VERIFIED_OFFICIAL_CURRENT,ARCAT Lombardia,https://www.arcatlombardia.it/CAT_Bergamo.html,ARCAT Lombardia ufficiale,it,Sabato 15:00,,2026-08-18,Parent ACAT ricostruibile dalla pagina sorgente; da normalizzare nella fase 2
SIC-ID-F25224259017,CLUB,Italy,,CAT Terno d'Isola 2,Lombardia,Terno d'Isola,"Via G. Bravi 15, ex Scuole Elementari",VERIFIED_OFFICIAL_CURRENT,ARCAT Lombardia,https://www.arcatlombardia.it/CAT_Bergamo.html,ARCAT Lombardia ufficiale,it,Mercoledì 20:30,,2026-08-18,Parent ACAT ricostruibile dalla pagina sorgente; da normalizzare nella fase 2
SIC-ID-C40C025ACFBE,CLUB,Italy,,CAT Terno d'Isola 3,Lombardia,Terno d'Isola,"Via G. Bravi 15, ex Scuole Elementari",VERIFIED_OFFICIAL_CURRENT,ARCAT Lombardia,https://www.arcatlombardia.it/CAT_Bergamo.html,ARCAT Lombardia ufficiale,it,Martedì 20:30,,2026-08-18,Parent ACAT ricostruibile dalla pagina sorgente; da normalizzare nella fase 2
SIC-ID-643612548FF3,CLUB,Italy,,CAT Calusco d'Adda,Lombardia,Calusco d'Adda,"Via dell'Assunta 243, Casa Papa Giovanni",VERIFIED_OFFICIAL_CURRENT,ARCAT Lombardia,https://www.arcatlombardia.it/CAT_Bergamo.html,ARCAT Lombardia ufficiale,it,Mercoledì 20:30,,2026-08-18,Parent ACAT ricostruibile dalla pagina sorgente; da normalizzare nella fase 2
SIC-ID-11CB8D3A9671,CLUB,Italy,,CAT Stezzano,Lombardia,Stezzano,"Via Mascagni 13, Centro Cascinetto",VERIFIED_OFFICIAL_CURRENT,ARCAT Lombardia,https://www.arcatlombardia.it/CAT_Bergamo.html,ARCAT Lombardia ufficiale,it,Lunedì 20:30,,2026-08-18,Parent ACAT ricostruibile dalla pagina sorgente; da normalizzare nella fase 2
SIC-ID-5DA54E3EE148,CLUB,Italy,,CAT Osio Sotto 1,Lombardia,Osio Sotto,"Via Libertà 45, Centro Sociale Mons. Barbisotti",VERIFIED_OFFICIAL_CURRENT,ARCAT Lombardia,https://www.arcatlombardia.it/CAT_Bergamo.html,ARCAT Lombardia ufficiale,it,Martedì 20:30,,2026-08-18,Parent ACAT ricostruibile dalla pagina sorgente; da normalizzare nella fase 2
SIC-ID-462DAB9F7C90,CLUB,Italy,,CAT Osio Sotto 3,Lombardia,Osio Sotto,"Via Libertà 45, Centro Mons. Barbisotti",VERIFIED_OFFICIAL_CURRENT,ARCAT Lombardia,https://www.arcatlombardia.it/CAT_Bergamo.html,ARCAT Lombardia ufficiale,it,Lunedì 20:30,,2026-08-18,Parent ACAT ricostruibile dalla pagina sorgente; da normalizzare nella fase 2
SIC-ID-500AAB8996D1,CLUB,Italy,,CAT Zanica,Lombardia,Zanica,"Piazza Repubblica, Centro Socio Culturale",VERIFIED_OFFICIAL_CURRENT,ARCAT Lombardia,https://www.arcatlombardia.it/CAT_Bergamo.html,ARCAT Lombardia ufficiale,it,Lunedì 20:30,,2026-08-18,Parent ACAT ricostruibile dalla pagina sorgente; da normalizzare nella fase 2
SIC-ID-A4FF658C98EE,CLUB,Italy,,CAT Grassobbio,Lombardia,Grassobbio,"Via Roma 25, Cascina Ghezzi",VERIFIED_OFFICIAL_CURRENT,ARCAT Lombardia,https://www.arcatlombardia.it/CAT_Bergamo.html,ARCAT Lombardia ufficiale,it,Giovedì 20:30,,2026-08-18,Parent ACAT ricostruibile dalla pagina sorgente; da normalizzare nella fase 2
SIC-ID-C52D81FE0DD9,CLUB,Italy,,CAT Sforzatica S. Andrea,Lombardia,Dalmine,"Via Colombo 7, Oratorio Sforzatica S. Andrea",VERIFIED_OFFICIAL_CURRENT,ARCAT Lombardia,https://www.arcatlombardia.it/CAT_Bergamo.html,ARCAT Lombardia ufficiale,it,Martedì 20:15,,2026-08-18,Parent ACAT ricostruibile dalla pagina sorgente; da normalizzare nella fase 2
SIC-ID-47513094BD69,CLUB,Italy,,CAT Curno,Lombardia,Curno,"Via Edmondo De Amicis, ex Scuola Media",VERIFIED_OFFICIAL_CURRENT,ARCAT Lombardia,https://www.arcatlombardia.it/CAT_Bergamo.html,ARCAT Lombardia ufficiale,it,Lunedì 20:30,,2026-08-18,Parent ACAT ricostruibile dalla pagina sorgente; da normalizzare nella fase 2
SIC-ID-55B93C3205C9,CLUB,Italy,,CAT Nuovo Percorso,Lombardia,Clusone,"Oratorio Maschile, località Fiorine",VERIFIED_OFFICIAL_CURRENT,ARCAT Lombardia,https://www.arcatlombardia.it/CAT_Bergamo.html,ARCAT Lombardia ufficiale,it,Lunedì 20:30,,2026-08-18,Parent ACAT ricostruibile dalla pagina sorgente; da normalizzare nella fase 2
SIC-ID-EAADD410E925,CLUB,Italy,,CAT 3 - Il Cammino,Lombardia,Vertova,"Via Convento, ex Convento",VERIFIED_OFFICIAL_CURRENT,ARCAT Lombardia,https://www.arcatlombardia.it/CAT_Bergamo.html,ARCAT Lombardia ufficiale,it,Lunedì 20:30,,2026-08-18,Parent ACAT ricostruibile dalla pagina sorgente; da normalizzare nella fase 2
SIC-ID-863B2F6E97A5,CLUB,Italy,,CAT 4 - Cene,Lombardia,Cene,"Piazza Italia 14, Municipio",VERIFIED_OFFICIAL_CURRENT,ARCAT Lombardia,https://www.arcatlombardia.it/CAT_Bergamo.html,ARCAT Lombardia ufficiale,it,Lunedì 20:30,,2026-08-18,Parent ACAT ricostruibile dalla pagina sorgente; da normalizzare nella fase 2
SIC-ID-FB48967BDEF1,CLUB,Italy,,CAT 5 - Arcobaleno,Lombardia,Albino,"Via Valbossana, Ca Carati - Vall'Alta",VERIFIED_OFFICIAL_CURRENT,ARCAT Lombardia,https://www.arcatlombardia.it/CAT_Bergamo.html,ARCAT Lombardia ufficiale,it,Martedì 20:30,,2026-08-18,Parent ACAT ricostruibile dalla pagina sorgente; da normalizzare nella fase 2
SIC-ID-884F0451BDA5,CLUB,Italy,,CAT 8 - Alba Nuova,Lombardia,Albino,"Via Frati Cappuccini, Frati Cappuccini",VERIFIED_OFFICIAL_CURRENT,ARCAT Lombardia,https://www.arcatlombardia.it/CAT_Bergamo.html,ARCAT Lombardia ufficiale,it,Martedì 20:30,,2026-08-18,Parent ACAT ricostruibile dalla pagina sorgente; da normalizzare nella fase 2
SIC-ID-32D30614779A,CLUB,Italy,,CAT 10 - Aurora,Lombardia,Pradalunga,"Via Aldo Moro 12, Centro Sociale",VERIFIED_OFFICIAL_CURRENT,ARCAT Lombardia,https://www.arcatlombardia.it/CAT_Bergamo.html,ARCAT Lombardia ufficiale,it,Mercoledì 20:30,,2026-08-18,Parent ACAT ricostruibile dalla pagina sorgente; da normalizzare nella fase 2
SIC-ID-55B3A3D92DE9,CLUB,Italy,,CAT 11 - La Fenice,Lombardia,Gazzaniga,"Via Manzoni 130, Ospedale Briolini",VERIFIED_OFFICIAL_CURRENT,ARCAT Lombardia,https://www.arcatlombardia.it/CAT_Bergamo.html,ARCAT Lombardia ufficiale,it,Mercoledì 20:30,,2026-08-18,Parent ACAT ricostruibile dalla pagina sorgente; da normalizzare nella fase 2
SIC-ID-F5E54BEDE5DC,CLUB,Italy,,CAT Berbenno,Lombardia,Ponte Giurino,"Via Stoppani 2/g, Sala Comunale",VERIFIED_OFFICIAL_CURRENT,ARCAT Lombardia,https://www.arcatlombardia.it/CAT_Bergamo.html,ARCAT Lombardia ufficiale,it,Giovedì 20:30,,2026-08-18,Parent ACAT ricostruibile dalla pagina sorgente; da normalizzare nella fase 2
SIC-ID-1837BBFFA195,CLUB,Italy,,CAT Almenno S. Bartolomeo 1,Lombardia,Almenno San Bartolomeo,"Via 4 Novembre, Municipio",VERIFIED_OFFICIAL_CURRENT,ARCAT Lombardia,https://www.arcatlombardia.it/CAT_Bergamo.html,ARCAT Lombardia ufficiale,it,Giovedì 20:30,,2026-08-18,Parent ACAT ricostruibile dalla pagina sorgente; da normalizzare nella fase 2
SIC-ID-3E81B1942F35,CLUB,Italy,,CAT Almenno S. Bartolomeo 2,Lombardia,Almenno San Bartolomeo,"Via 4 Novembre, Municipio",VERIFIED_OFFICIAL_CURRENT,ARCAT Lombardia,https://www.arcatlombardia.it/CAT_Bergamo.html,ARCAT Lombardia ufficiale,it,Venerdì 20:30,,2026-08-18,Parent ACAT ricostruibile dalla pagina sorgente; da normalizzare nella fase 2
SIC-ID-1DC8947F60EB,CLUB,Italy,,CAT Villa d'Almè 1,Lombardia,Villa d'Almè,"Passaggio del Borgo, Sala Polifunzionale",VERIFIED_OFFICIAL_CURRENT,ARCAT Lombardia,https://www.arcatlombardia.it/CAT_Bergamo.html,ARCAT Lombardia ufficiale,it,Mercoledì 17:30,,2026-08-18,Parent ACAT ricostruibile dalla pagina sorgente; da normalizzare nella fase 2
SIC-ID-215DE270C077,CLUB,Italy,,CAT Villa d'Almè 2,Lombardia,Villa d'Almè,"Passaggio del Borgo, Sala Polifunzionale",VERIFIED_OFFICIAL_CURRENT,ARCAT Lombardia,https://www.arcatlombardia.it/CAT_Bergamo.html,ARCAT Lombardia ufficiale,it,Lunedì 20:30,,2026-08-18,Parent ACAT ricostruibile dalla pagina sorgente; da normalizzare nella fase 2
SIC-ID-B1A1A80DB579,CLUB,Italy,,CAT Sorisole-Petosino-Azzonica,Lombardia,Petosino,"Via Martiri della Libertà 57, Centro Civico",VERIFIED_OFFICIAL_CURRENT,ARCAT Lombardia,https://www.arcatlombardia.it/CAT_Bergamo.html,ARCAT Lombardia ufficiale,it,Mercoledì 20:30,,2026-08-18,Parent ACAT ricostruibile dalla pagina sorgente; da normalizzare nella fase 2
SIC-ID-B31CA61F464E,CLUB,Italy,,CAT Chiuduno,Lombardia,Chiuduno,"Largo Mons. Vistalli, Sala ""Il Torchio""",VERIFIED_OFFICIAL_CURRENT,ARCAT Lombardia,https://www.arcatlombardia.it/CAT_Bergamo.html,ARCAT Lombardia ufficiale,it,Lunedì 20:30,,2026-08-18,Parent ACAT ricostruibile dalla pagina sorgente; da normalizzare nella fase 2
SIC-ID-51893067DBD4,CLUB,Italy,,CAT Telgate,Lombardia,Telgate,"Piazza Vittorio Veneto 42, Municipio",VERIFIED_OFFICIAL_CURRENT,ARCAT Lombardia,https://www.arcatlombardia.it/CAT_Bergamo.html,ARCAT Lombardia ufficiale,it,Giovedì 20:30,,2026-08-18,Parent ACAT ricostruibile dalla pagina sorgente; da normalizzare nella fase 2
SIC-ID-B23AD4829DB1,CLUB,Italy,,CAT Trescore Balneario,Lombardia,Trescore Balneario,Oratorio,VERIFIED_OFFICIAL_CURRENT,ARCAT Lombardia,https://www.arcatlombardia.it/CAT_Bergamo.html,ARCAT Lombardia ufficiale,it,Lunedì 20:30,,2026-08-18,Parent ACAT ricostruibile dalla pagina sorgente; da normalizzare nella fase 2
SIC-ID-F1C6C196DC49,CLUB,Italy,,CAT Costa Volpino - Arcobaleno,Lombardia,Costa Volpino,"Via Nazionale, Domus Civica 2° piano",VERIFIED_OFFICIAL_CURRENT,ARCAT Lombardia,https://www.arcatlombardia.it/CAT_Bergamo.html,ARCAT Lombardia ufficiale,it,Mercoledì 20:30,,2026-08-18,Parent ACAT ricostruibile dalla pagina sorgente; da normalizzare nella fase 2
SIC-ID-98216129306B,TERRITORIAL,Italy,,ACAT Brescia,Lombardia,Brescia,Via Livorno 7,VERIFIED_OFFICIAL_CURRENT,ARCAT Lombardia,https://www.arcatlombardia.it/CAT_Brescia.html,ARCAT Lombardia ufficiale,it,,351 5111330,2026-08-18,
SIC-ID-FED56A1DA246,TERRITORIAL,Italy,,ACAT Manerbio,Lombardia,Manerbio,"Via Palestro 57, Centro Sociale",VERIFIED_OFFICIAL_CURRENT,ARCAT Lombardia,https://www.arcatlombardia.it/CAT_Brescia.html,ARCAT Lombardia ufficiale,it,,339 4602401; ciscoroda@gmail.com,2026-08-18,
SIC-ID-163B3FE78166,TERRITORIAL,Italy,,ACAT Gardesana,Lombardia,Lonato del Garda,Piazza Martiri della Libertà 1,VERIFIED_OFFICIAL_CURRENT,ARCAT Lombardia,https://www.arcatlombardia.it/CAT_Brescia.html,ARCAT Lombardia ufficiale,it,,339 3333119,2026-08-18,
SIC-ID-3B1D6726A72A,TERRITORIAL,Italy,,ACAT Vallesabbia,Lombardia,Roè Volciano,Via Luigi Ragazzo 21,VERIFIED_OFFICIAL_CURRENT,ARCAT Lombardia,https://www.arcatlombardia.it/CAT_Brescia.html,ARCAT Lombardia ufficiale,it,,349 7421258; acatvallesabbia.info@yahoo.it,2026-08-18,
SIC-ID-9A96FB3EF4F1,CLUB,Italy,,CAT Armonia,Lombardia,Brescia,Via Borgondio 29,VERIFIED_OFFICIAL_CURRENT,ARCAT Lombardia,https://www.arcatlombardia.it/CAT_Brescia.html,ARCAT Lombardia ufficiale,it,Giovedì 20:15,,2026-08-18,
SIC-ID-3FE3042C2BFD,CLUB,Italy,,CAT Vladimir Hudolin,Lombardia,Brescia,Via Livorno 7,VERIFIED_OFFICIAL_CURRENT,ARCAT Lombardia,https://www.arcatlombardia.it/CAT_Brescia.html,ARCAT Lombardia ufficiale,it,Mercoledì 20:30,,2026-08-18,
SIC-ID-3B95CF370175,CLUB,Italy,,CAT Montichiari - Il Germoglio,Lombardia,Montichiari,"Via Trieste 26, Casa delle Associazioni",VERIFIED_OFFICIAL_CURRENT,ARCAT Lombardia,https://www.arcatlombardia.it/CAT_Brescia.html,ARCAT Lombardia ufficiale,it,Mercoledì 20:30,,2026-08-18,
SIC-ID-023C749C57F7,CLUB,Italy,,CAT Manerbio 3,Lombardia,Manerbio,"Via Palestro 57, Centro Sociale",VERIFIED_OFFICIAL_CURRENT,ARCAT Lombardia,https://www.arcatlombardia.it/CAT_Brescia.html,ARCAT Lombardia ufficiale,it,Mercoledì 21:00,,2026-08-18,
SIC-ID-14414AA83688,CLUB,Italy,,CAT Azzurro,Lombardia,Prevalle,"Via Morani 9, Municipio",VERIFIED_OFFICIAL_CURRENT,ARCAT Lombardia,https://www.arcatlombardia.it/CAT_Brescia.html,ARCAT Lombardia ufficiale,it,Mercoledì 20:00,,2026-08-18,
SIC-ID-71A28DDAC725,CLUB,Italy,,CAT Il Girasole,Lombardia,Salò,Via Ponte Vecchio 6,VERIFIED_OFFICIAL_CURRENT,ARCAT Lombardia,https://www.arcatlombardia.it/CAT_Brescia.html,ARCAT Lombardia ufficiale,it,Martedì 20:00,,2026-08-18,
SIC-ID-CE665063ED25,CLUB,Italy,,CAT L'Alba,Lombardia,Bedizzole,Centro Sociale,VERIFIED_OFFICIAL_CURRENT,ARCAT Lombardia,https://www.arcatlombardia.it/CAT_Brescia.html,ARCAT Lombardia ufficiale,it,Martedì 20:30,,2026-08-18,
SIC-ID-E16D6B11A5BE,CLUB,Italy,,CAT Arcobaleno,Lombardia,Vobarno,Largo Donatori di Sangue,VERIFIED_OFFICIAL_CURRENT,ARCAT Lombardia,https://www.arcatlombardia.it/CAT_Brescia.html,ARCAT Lombardia ufficiale,it,Martedì 20:00,,2026-08-18,
SIC-ID-6293F0EE9409,CLUB,Italy,,CAT La Goccia,Lombardia,Vobarno,Largo Donatori di Sangue,VERIFIED_OFFICIAL_CURRENT,ARCAT Lombardia,https://www.arcatlombardia.it/CAT_Brescia.html,ARCAT Lombardia ufficiale,it,Lunedì 20:30,,2026-08-18,
SIC-ID-8471C55A9ACA,CLUB,Italy,,CAT La Farfalla,Lombardia,Paitone,"Via Beschi 18, Centro Sociale",VERIFIED_OFFICIAL_CURRENT,ARCAT Lombardia,https://www.arcatlombardia.it/CAT_Brescia.html,ARCAT Lombardia ufficiale,it,Mercoledì 20:00,,2026-08-18,
SIC-ID-60FA2A5A5CAB,CLUB,Italy,,CAT La Vetta,Lombardia,Roè Volciano,Via Luigi Ragazzo 21,VERIFIED_OFFICIAL_CURRENT,ARCAT Lombardia,https://www.arcatlombardia.it/CAT_Brescia.html,ARCAT Lombardia ufficiale,it,Martedì 20:00,,2026-08-18,
SIC-ID-E8C9F9B011FE,CLUB,Italy,,CAT Orizzonte,Lombardia,Vestone,"Via Pialorsi 14, saletta conferenze",VERIFIED_OFFICIAL_CURRENT,ARCAT Lombardia,https://www.arcatlombardia.it/CAT_Brescia.html,ARCAT Lombardia ufficiale,it,Lunedì 20:00,,2026-08-18,
SIC-ID-6B2B9D3ACBA2,TERRITORIAL,Italy,,ACAT Hudolin Milano,Lombardia,Milano,Via Costalovara 1,VERIFIED_OFFICIAL_CURRENT,ARCAT Lombardia,https://www.arcatlombardia.it/CAT_Milano.html,ARCAT Lombardia ufficiale,it,,335 7755355; acat_milano@yahoo.it,2026-08-18,
SIC-ID-9C3596B1102D,CLUB,Italy,,CAT Milano 1,Lombardia,Milano,"Via De Martino 2, Oratorio S. Dionigi",VERIFIED_OFFICIAL_CURRENT,ACAT Hudolin Milano,https://www.arcatlombardia.it/CAT_Milano.html,ARCAT Lombardia ufficiale,it,Giovedì 21:00,,2026-08-18,
SIC-ID-1075BC0088FC,CLUB,Italy,,CAT Milano 2 - Acqua in Circolo,Lombardia,Milano,"Via degli Anemoni 6, IPR",VERIFIED_OFFICIAL_CURRENT,ACAT Hudolin Milano,https://www.arcatlombardia.it/CAT_Milano.html,ARCAT Lombardia ufficiale,it,Martedì 21:00,,2026-08-18,
SIC-ID-26368C1FA1C3,CLUB,Italy,,CAT Milano 3 - La Maria,Lombardia,Milano,"Via Tamigi 7, VSP",VERIFIED_OFFICIAL_CURRENT,ACAT Hudolin Milano,https://www.arcatlombardia.it/CAT_Milano.html,ARCAT Lombardia ufficiale,it,Martedì 21:00,,2026-08-18,
SIC-ID-2EB9FFA802AE,CLUB,Italy,,CAT Milano 4 - Le rose che sbocciano,Lombardia,Milano,"Via Antonino Bezzola 5, Parrocchia Sant'Elena",VERIFIED_OFFICIAL_CURRENT,ACAT Hudolin Milano,https://www.arcatlombardia.it/CAT_Milano.html,ARCAT Lombardia ufficiale,it,Giovedì 20:30,,2026-08-18,
SIC-ID-6795CE1B0040,CLUB,Italy,,CAT Milano 5 - Della Rinascita,Lombardia,Milano,"Via Duprè 19, Istituto San Gaetano",VERIFIED_OFFICIAL_CURRENT,ACAT Hudolin Milano,https://www.arcatlombardia.it/CAT_Milano.html,ARCAT Lombardia ufficiale,it,Martedì 21:00,,2026-08-18,
SIC-ID-B13274AB3219,CLUB,Italy,,CAT Milano 6 - La Fenice,Lombardia,Milano,"Via Marsala 10, Casa delle Associazioni",VERIFIED_OFFICIAL_CURRENT,ACAT Hudolin Milano,https://www.arcatlombardia.it/CAT_Milano.html,ARCAT Lombardia ufficiale,it,Giovedì 21:00,,2026-08-18,
SIC-ID-A900094CFC37,CLUB,Italy,,CAT Milano 7 - Ampère,Lombardia,Milano,"Via Ampère 75, Oratorio San Luca",VERIFIED_OFFICIAL_CURRENT,ACAT Hudolin Milano,https://www.arcatlombardia.it/CAT_Milano.html,ARCAT Lombardia ufficiale,it,Giovedì 20:30,,2026-08-18,
SIC-ID-1039370134F6,CLUB,Italy,,CAT Colturano 9 - La Libellula,Lombardia,Colturano,"Via Verdi, Sala del Tempo Libero Palestra",VERIFIED_OFFICIAL_CURRENT,ACAT Hudolin Milano,https://www.arcatlombardia.it/CAT_Milano.html,ARCAT Lombardia ufficiale,it,Martedì 20:45,,2026-08-18,
SIC-ID-13E822D1B728,CLUB,Italy,,CAT 8 - Ginkgo,Lombardia,Milano,"Via Lattanzio 58, Parrocchia San Pio V",VERIFIED_OFFICIAL_CURRENT,ACAT Hudolin Milano,https://www.arcatlombardia.it/CAT_Milano.html,ARCAT Lombardia ufficiale,it,Giovedì 20:30,,2026-08-18,
SIC-ID-61EF08408CB5,CLUB,Italy,,La Rondine,Marche,Marina di Altidona,Via Leonardo da Vinci 10,VERIFIED_OFFICIAL_CURRENT,ARCAT Marche ETS-ODV,https://www.arcatmarche.it/dove-siamo/,ARCAT Marche ufficiale,it,,3497656452; amadio2004@libero.it,2026-08-18,
SIC-ID-1F1189B46C6C,CLUB,Italy,,Arcobaleno,Marche,Fermo,Via Migliorati 2,VERIFIED_OFFICIAL_CURRENT,ARCAT Marche ETS-ODV,https://www.arcatmarche.it/dove-siamo/,ARCAT Marche ufficiale,it,,3408200491 / 3388771873; rosyeglauco@libero.it,2026-08-18,
SIC-ID-5003D5549564,CLUB,Italy,,L'Orizzonte,Marche,Campofilone,"Corso G. Marconi 25, Teatro Comunale",VERIFIED_OFFICIAL_CURRENT,ARCAT Marche ETS-ODV,https://www.arcatmarche.it/dove-siamo/,ARCAT Marche ufficiale,it,,3450709840; amadio2004@libero.it,2026-08-18,
SIC-ID-FE659736B368,CLUB,Italy,,L'Astro Nascente,Marche,Fermo,"C.da Girola Valtenna 58, centro sociale Molini Girola",VERIFIED_OFFICIAL_CURRENT,ARCAT Marche ETS-ODV,https://www.arcatmarche.it/dove-siamo/,ARCAT Marche ufficiale,it,,3335745867; elilia@hotmail.it,2026-08-18,
SIC-ID-8D103F5E9BED,CLUB,Italy,,L'Ancora,Marche,Porto San Giorgio,"Via D. Silenzi 10, centro sportivo Don Bosco",VERIFIED_OFFICIAL_CURRENT,ARCAT Marche ETS-ODV,https://www.arcatmarche.it/dove-siamo/,ARCAT Marche ufficiale,it,,3487290866; luiginazazio@hotmail.com,2026-08-18,
SIC-ID-CC5EC5908F71,CLUB,Italy,,Insieme,Marche,Porto San Giorgio,"Via D. Silenzi 10, centro sportivo Don Bosco",VERIFIED_OFFICIAL_CURRENT,ARCAT Marche ETS-ODV,https://www.arcatmarche.it/dove-siamo/,ARCAT Marche ufficiale,it,,3471862122; urbanistefano1952@libero.it,2026-08-18,
SIC-ID-201D98C4CCE7,CLUB,Italy,,Unica Stella,Marche,Monte Urano,Via Monte Grappa 43,VERIFIED_OFFICIAL_CURRENT,ARCAT Marche ETS-ODV,https://www.arcatmarche.it/dove-siamo/,ARCAT Marche ufficiale,it,,335343886; luisantonietta@yahoo.it,2026-08-18,
SIC-ID-124123842DA2,CLUB,Italy,,Le Palme,Marche,San Benedetto del Tronto,"Via Manzoni 36, Servizio Risposte Alcologiche",VERIFIED_OFFICIAL_CURRENT,ARCAT Marche ETS-ODV,https://www.arcatmarche.it/dove-siamo/,ARCAT Marche ufficiale,it,,3337754541; sabvici@libero.it,2026-08-18,
SIC-ID-FCD2916D614C,CLUB,Italy,,Il Faro,Marche,San Benedetto del Tronto,"Piazza San Filippo Neri, Parrocchia San Filippo Neri",VERIFIED_OFFICIAL_CURRENT,ARCAT Marche ETS-ODV,https://www.arcatmarche.it/dove-siamo/,ARCAT Marche ufficiale,it,,3397948429; 56renziero@gmail.com,2026-08-18,
SIC-ID-CEB7D3AE2F36,CLUB,Italy,,Pegasus,Marche,Porto d'Ascoli,Via Gronchi 17,VERIFIED_OFFICIAL_CURRENT,ARCAT Marche ETS-ODV,https://www.arcatmarche.it/dove-siamo/,ARCAT Marche ufficiale,it,,3402290219,2026-08-18,
SIC-ID-E4AD699130D5,CLUB,Italy,,Vladimir Hudolin,Marche,Centobuchi di Monteprandone,"Via San Giacomo 107, Centro culturale Pacetti",VERIFIED_OFFICIAL_CURRENT,ARCAT Marche ETS-ODV,https://www.arcatmarche.it/dove-siamo/,ARCAT Marche ufficiale,it,,3452260282; marco.castorani8@gmail.com,2026-08-18,
SIC-ID-21862D858F4C,CLUB,Italy,,Ce La Faremo,Marche,Cagli,Via Lapis 8,VERIFIED_OFFICIAL_CURRENT,ARCAT Marche ETS-ODV,https://www.arcatmarche.it/dove-siamo/,ARCAT Marche ufficiale,it,Giovedì 17:30,3387132923,2026-08-18,
SIC-ID-A0DA23B711C2,CLUB,Italy,,L'Incontro,Marche,Urbania,Via Roma 54,VERIFIED_OFFICIAL_CURRENT,ARCAT Marche ETS-ODV,https://www.arcatmarche.it/dove-siamo/,ARCAT Marche ufficiale,it,Lunedì 18:00,3463794502,2026-08-18,
SIC-ID-57193746BBFA,CLUB,Italy,,Uscendo dalla Nebbia,Marche,Urbino,Via Guido da Montefeltro 45,VERIFIED_OFFICIAL_CURRENT,ARCAT Marche ETS-ODV,https://www.arcatmarche.it/dove-siamo/,ARCAT Marche ufficiale,it,Mercoledì 17:30,3476258643,2026-08-18,
SIC-ID-0878A83B832F,CLUB,Italy,,Ad Maiora,Marche,Civitanova Marche,Via Crivelli 19,VERIFIED_OFFICIAL_CURRENT,ARCAT Marche ETS-ODV,https://www.arcatmarche.it/dove-siamo/,ARCAT Marche ufficiale,it,,3388771873; rosyeglauco@libero.it,2026-08-18,
SIC-ID-2D2CFBA44E60,CLUB,Italy,,CAT Alba,Piemonte,Alba,,VERIFIED_PUBLIC_INSTITUTION,ACAT Alba Langhe e Roero ODV,https://www.aslcn2.it/associazioni-di-volontariato/sostegno-persone-in-difficolta/acat-alba-langhe-roero/,ASL CN2,it,,,2026-08-18,"ASL CN2 dichiara tre Club attivi ad Alba, Canale e Cortemilia; indirizzo specifico non pubblicato nella scheda"
SIC-ID-00F04BEE454A,CLUB,Italy,,CAT Canale,Piemonte,Canale,,VERIFIED_PUBLIC_INSTITUTION,ACAT Alba Langhe e Roero ODV,https://www.aslcn2.it/associazioni-di-volontariato/sostegno-persone-in-difficolta/acat-alba-langhe-roero/,ASL CN2,it,,,2026-08-18,"ASL CN2 dichiara tre Club attivi ad Alba, Canale e Cortemilia; indirizzo specifico non pubblicato nella scheda"
SIC-ID-8F5BFED945DA,CLUB,Italy,,CAT Cortemilia,Piemonte,Cortemilia,,VERIFIED_PUBLIC_INSTITUTION,ACAT Alba Langhe e Roero ODV,https://www.aslcn2.it/associazioni-di-volontariato/sostegno-persone-in-difficolta/acat-alba-langhe-roero/,ASL CN2,it,,,2026-08-18,"ASL CN2 dichiara tre Club attivi ad Alba, Canale e Cortemilia; indirizzo specifico non pubblicato nella scheda"
SIC-ID-F91A7261AB75,CLUB,Italy,,CAT Bari,Puglia,Bari,,PUBLIC_SOCIAL_NEEDS_ADDRESS_VERIFICATION,ARCAT Puglia ODV,https://www.facebook.com/61578021032255/,ARCAT Puglia Facebook pubblico,it,,,2026-08-18,"Località citata da ARCAT Puglia; denominazione, indirizzo e orario da verificare"
SIC-ID-4E0541194C2B,CLUB,Italy,,CAT Altamura,Puglia,Altamura,,PUBLIC_SOCIAL_NEEDS_ADDRESS_VERIFICATION,ARCAT Puglia ODV,https://www.facebook.com/61578021032255/,ARCAT Puglia Facebook pubblico,it,,,2026-08-18,"Località citata da ARCAT Puglia; denominazione, indirizzo e orario da verificare"
SIC-ID-0A973D45674B,CLUB,Italy,,CAT Capurso,Puglia,Capurso,,PUBLIC_SOCIAL_NEEDS_ADDRESS_VERIFICATION,ARCAT Puglia ODV,https://www.facebook.com/61578021032255/,ARCAT Puglia Facebook pubblico,it,,,2026-08-18,"Località citata da ARCAT Puglia; denominazione, indirizzo e orario da verificare"
SIC-ID-116023DE5A84,CLUB,Italy,,CAT Cassano delle Murge,Puglia,Cassano delle Murge,,PUBLIC_SOCIAL_NEEDS_ADDRESS_VERIFICATION,ARCAT Puglia ODV,https://www.facebook.com/61578021032255/,ARCAT Puglia Facebook pubblico,it,,,2026-08-18,"Località citata da ARCAT Puglia; denominazione, indirizzo e orario da verificare"
SIC-ID-7600ADBE68FA,CLUB,Italy,,CAT Carbonara,Puglia,Carbonara,,PUBLIC_SOCIAL_NEEDS_ADDRESS_VERIFICATION,ARCAT Puglia ODV,https://www.facebook.com/61578021032255/,ARCAT Puglia Facebook pubblico,it,,,2026-08-18,"Località citata da ARCAT Puglia; denominazione, indirizzo e orario da verificare"
SIC-ID-F06DF5A9D200,CLUB,Italy,,CAT Rutigliano,Puglia,Rutigliano,,PUBLIC_SOCIAL_NEEDS_ADDRESS_VERIFICATION,ARCAT Puglia ODV,https://www.facebook.com/61578021032255/,ARCAT Puglia Facebook pubblico,it,,,2026-08-18,"Località citata da ARCAT Puglia; denominazione, indirizzo e orario da verificare"
SIC-ID-17B75E680117,CLUB,Italy,,CAT Mola di Bari,Puglia,Mola di Bari,,PUBLIC_SOCIAL_NEEDS_ADDRESS_VERIFICATION,ARCAT Puglia ODV,https://www.facebook.com/61578021032255/,ARCAT Puglia Facebook pubblico,it,,,2026-08-18,"Località citata da ARCAT Puglia; denominazione, indirizzo e orario da verificare"
SIC-ID-7CD24683008E,CLUB,Italy,,CAT Modugno,Puglia,Modugno,,PUBLIC_SOCIAL_NEEDS_ADDRESS_VERIFICATION,ARCAT Puglia ODV,https://www.facebook.com/61578021032255/,ARCAT Puglia Facebook pubblico,it,,,2026-08-18,"Località citata da ARCAT Puglia; denominazione, indirizzo e orario da verificare"
SIC-ID-606A8D8E3FEC,CLUB,Italy,,CAT Taranto,Puglia,Taranto,,PUBLIC_SOCIAL_NEEDS_ADDRESS_VERIFICATION,ARCAT Puglia ODV,https://www.facebook.com/61578021032255/,ARCAT Puglia Facebook pubblico,it,,,2026-08-18,"Località citata da ARCAT Puglia; denominazione, indirizzo e orario da verificare"
SIC-ID-0E241DB77930,CLUB,Italy,,CAT Massafra,Puglia,Massafra,,PUBLIC_SOCIAL_NEEDS_ADDRESS_VERIFICATION,ARCAT Puglia ODV,https://www.facebook.com/61578021032255/,ARCAT Puglia Facebook pubblico,it,,,2026-08-18,"Località citata da ARCAT Puglia; denominazione, indirizzo e orario da verificare"
SIC-ID-1B4762843073,TERRITORIAL,Italy,,ACAT ToCentro,Piemonte,Torino,Via Massena 55,VERIFIED_PUBLIC_SOURCE,ARCAT Piemonte,https://www.cittadellasalute.to.it/,PUBLIC_INSTITUTION,it,,339 5926249 / 346 1315143,2026-08-18,
SIC-ID-9EED812DBBCE,TERRITORIAL,Italy,,ACAT Torino Nord,Piemonte,Torino,Via Pietro Mascagni 20,VERIFIED_PUBLIC_SOURCE,ARCAT Piemonte,https://www.piemontegiovani.it/uffici/associazione-club-alcologici-territoriali,PUBLIC_INSTITUTION,it,,338 1244217,2026-08-18,
SIC-ID-D388424BFC84,TERRITORIAL,Italy,,ACAT Borgo San Dalmazzo,Piemonte,Borgo San Dalmazzo,Piazza dell'Abbazia 4,PUBLIC_SOURCE_NEEDS_CURRENT_CONFIRMATION,ARCAT Piemonte,https://www1.agenziaentrate.gov.it/servizi/domanda%2B5%2Bper%2Bmille/2021/motore.htm?_pagina=5,PUBLIC_REGISTER,it,,,2026-08-18,
SIC-ID-A95AC93967BF,TERRITORIAL,Italy,,ACAT Cuneese,Piemonte,Cuneo,Via Felice Cavallotti 35,PUBLIC_SOURCE_NEEDS_CURRENT_CONFIRMATION,ARCAT Piemonte,https://www1.agenziaentrate.gov.it/servizi/domanda%2B5%2Bper%2Bmille/2021/motore.htm?_pagina=5,PUBLIC_REGISTER,it,,,2026-08-18,
SIC-ID-CB5BCD6C4B6E,TERRITORIAL,Italy,,ACAT di Chieri,Piemonte,Chieri,Via Giovanni XXIII 8,PUBLIC_SOURCE_NEEDS_CURRENT_CONFIRMATION,ARCAT Piemonte,https://www1.agenziaentrate.gov.it/servizi/domanda%2B5%2Bper%2Bmille/2021/motore.htm?_pagina=5,PUBLIC_REGISTER,it,,,2026-08-18,
SIC-ID-837887695BA1,TERRITORIAL,Italy,,ACAT Sorriso della Speranza,Piemonte,Alessandria,Via Paolo Sacco 8,PUBLIC_SOURCE_NEEDS_CURRENT_CONFIRMATION,ARCAT Piemonte,https://www1.agenziaentrate.gov.it/servizi/domanda%2B5%2Bper%2Bmille/2021/motore.htm?_pagina=5,PUBLIC_REGISTER,it,,,2026-08-18,
SIC-ID-E71E4F7D8599,TERRITORIAL,Italy,,ACAT Torino Est ODV,Piemonte,Torino,Via Giolitti 21,PUBLIC_SOURCE_NEEDS_CURRENT_CONFIRMATION,ARCAT Piemonte,https://www1.agenziaentrate.gov.it/servizi/domanda%2B5%2Bper%2Bmille/2021/motore.htm?_pagina=5,PUBLIC_REGISTER,it,,,2026-08-18,
SIC-ID-47764249C8D0,TERRITORIAL,Italy,,ACAT Cremona e Territorio ODV,Lombardia,Cremona,Via dell'Annona 1/3,PUBLIC_SOURCE_NEEDS_CURRENT_CONFIRMATION,ARCAT Lombardia,https://www1.agenziaentrate.gov.it/servizi/domanda%2B5%2Bper%2Bmille/2021/motore.htm?_pagina=5,PUBLIC_REGISTER,it,,,2026-08-18,
SIC-ID-078AE7063A4D,TERRITORIAL,Italy,,ACAT Pavia,Lombardia,Pavia,Via dei Liguri 34,PUBLIC_SOURCE_NEEDS_CURRENT_CONFIRMATION,ARCAT Lombardia,https://www1.agenziaentrate.gov.it/servizi/domanda%2B5%2Bper%2Bmille/2021/motore.htm?_pagina=5,PUBLIC_REGISTER,it,,,2026-08-18,
SIC-ID-28DB371E08B2,TERRITORIAL,Italy,,ACAT Polesine Occidentale ODV,Veneto,Lendinara,Via Caduti del Lavoro 33,PUBLIC_SOURCE_NEEDS_CURRENT_CONFIRMATION,ARCAT Veneto ODV,https://www1.agenziaentrate.gov.it/servizi/domanda%2B5%2Bper%2Bmille/2021/motore.htm?_pagina=5,PUBLIC_REGISTER,it,,,2026-08-18,
SIC-ID-D5FEA6DA5D78,TERRITORIAL,Italy,,ACAT La Speranza ODV,Veneto,Spresiano,"Via Monsignor Condotta 1, Visnadello",PUBLIC_SOURCE_NEEDS_CURRENT_CONFIRMATION,ARCAT Veneto ODV,https://www1.agenziaentrate.gov.it/servizi/domanda%2B5%2Bper%2Bmille/2021/motore.htm?_pagina=5,PUBLIC_REGISTER,it,,,2026-08-18,
SIC-ID-50EC1DC83E00,TERRITORIAL,Italy,,ACAT Camminiamo Insieme,Sardegna,Sassari,Via Ugo La Malfa 34,PUBLIC_SOURCE_NEEDS_CURRENT_CONFIRMATION,ARCAT Sardegna,https://www1.agenziaentrate.gov.it/servizi/domanda%2B5%2Bper%2Bmille/2021/motore.htm?_pagina=5,PUBLIC_REGISTER,it,,,2026-08-18,
SIC-ID-E0A54F2A55F9,TERRITORIAL,Italy,,ACAT del Potentino,Basilicata,Potenza,Via Masseria Barrata 45,PUBLIC_SOURCE_NEEDS_CURRENT_CONFIRMATION,ARCAT Basilicata,https://www1.agenziaentrate.gov.it/servizi/domanda%2B5%2Bper%2Bmille/2021/motore.htm?_pagina=5,PUBLIC_REGISTER,it,,,2026-08-18,
SIC-ID-C05330F0E1E7,TERRITORIAL,Italy,,ACAT Romagna Renato Bolognesi ODV,Emilia-Romagna,Cesena,,VERIFIED_PUBLIC_SOURCE,ARCAT Emilia Romagna ODV,https://www.acatromagna.com/,OFFICIAL_ASSOCIATION,it,,346 2176182 / 338 9377562,2026-08-18,
SIC-ID-93CE35363649,TERRITORIAL,Italy,,ACAT Piacenza,Emilia-Romagna,Piacenza,Galleria San Donnino 4,PUBLIC_SOURCE_NEEDS_CURRENT_CONFIRMATION,ARCAT Emilia Romagna ODV,https://acatpiacenza.jimdofree.com,PUBLIC_DIRECTORY,it,,349 0889290,2026-08-18,
